Id,SCOAId,ParentSCOAId,DefinitionDescription,SCOAFile,SCOAAccount,SCOALevel,ExcelRowNumber,ShortDescription,VATStatus,BreakDownAllowed,Principle,ApplicableTo,bPostingLevel,PostingLevelDescription,AccountNumber,AccountNumberPrefix,AccountNumber1,AccountNumber2,AccountNumber3,AccountNumber4,AccountNumber5,AccountNumber6,AccountNumber7,AccountNumber8,AccountNumber9,AccountNumber10,AccountNumber11,AccountNumber12,GFSCode,Path,SCOASegment,Linkable,ROWID,IsBreakdown,IsSelectable,SCOAVersion
{8C5DF93B-288E-4928-929B-0218CA21901D},2a79a136-fcdf-43bf-8c4e-8ed735d13905,4165f87f-99f0-40b6-88f2-9745256a1dfd,"This project category record all costs related to work on customer applications, contracts, orders, credit investigations, billing and accounting, collections and complaints.  These costs should include salaries and wages, stationery, postage, delivery expense and the charges for contract work performed by other parties engaged in these functions.",PROJECT,OperationalTypical Work StreamsNERSA  Customer Account ExpensesSupervision,3,3997,Supervision,Na,No,Add Project with description - unique to the municipality.,All,1,,PO003028005000000000000000000000000000,PO,3,28,5,0,0,0,0,0,0,0,0,0,,SCOAPROJECT-PO0-PO3-PO19-PO228,PROJECT,0,1,0,1,6.1
{B068C38A-1E93-4B13-A3A9-03F68F808AF9},acf0f092-ab0e-4019-9d6f-0fa9eef40a4b,5a02a6aa-8a05-46eb-ab5a-7aa91b37f4cf,Information Technology Data Lines Recovery to receiving departments within a cost recovery agreement.  ,COST,CostingRecoveriesDepartmental RecoveriesCommunicationInformation Technology Data Lines,4,111,Information Technology Data Lines,Na,No,Na,All,1,,CO002001008003000000000000000000000000,CO,2,1,8,3,0,0,0,0,0,0,0,0,,SCOACOST-CO0-CO3-CO5-CO87-CO169,COST,0,2,0,1,6.1
{137335C0-7506-4951-872B-03FBD64E073B},3ba29e8d-adb8-4280-9988-8683b6177622,17c6163b-a5d7-4c46-b3fd-a1af448597ed,This account is to be used for recording any other financial liability not separately recorded somewhere else.,ITEM AL,LiabilitiesCurrent LiabilitiesFinancial Liabilities,2,56,Financial Liabilities,Na,No,Na,All,0,,IL001003000000000000000000000000000000,IL,1,3,0,0,0,0,0,0,0,0,0,0,,SCOAITEM-IL0-IL2-IL4,ITEM,0,65,0,1,6.1
{4DB176AB-E82E-41B2-8F29-068E01DBF081},305b3413-5dd9-4d54-9cd1-4570bfa48740,4165f87f-99f0-40b6-88f2-9745256a1dfd,"This project category record all costs related to work on customer applications, contracts, orders, credit investigations, billing and accounting, collections and complaints.  These costs should include salaries and wages, stationery, postage, delivery expense and the charges for contract work performed by other parties engaged in these functions.",PROJECT,OperationalTypical Work StreamsNERSA  Customer Account ExpensesCustomer Records and Collection Expenses,3,3993,Customer Records and Collection Expenses,Na,No,Add Project with description - unique to the municipality.,All,1,,PO003028001000000000000000000000000000,PO,3,28,1,0,0,0,0,0,0,0,0,0,,SCOAPROJECT-PO0-PO3-PO19-PO229,PROJECT,0,3,0,1,6.1
{AEF0E513-1822-4E8A-B26F-0BA3B7640B57},9ed083e5-2237-4a75-a6a1-e4d859c44960,9d834536-5605-42f1-ac74-dfbb4aa4ee7f,Regional Identifiers for the Municipalities within the provincial boundaries.,REGIONAL,RegionalRegional IdentifierLocal Government by ProvinceWestern CapeDistrict Municipalities,4,5519,District Municipalities,Na,No,Na,All,0,,RX002003009002000000000000000000000000,RX,2,3,9,2,0,0,0,0,0,0,0,0,,SCOAREGION-RX0-RX4087-RX5-RX17-RX37,REGION,0,66,0,1,6.1
{972A4CEB-B997-4EF8-A759-108514787633},5de97fa5-cd70-4ccf-a0d7-b165508a6602,,Function is the standardised vote structure referred to in Section 1 of the Municipal Finance Management Act.  Function is one of the main segments into which the budget of a municipality is divided for the appropriation of money for the different departments or functional areas of the municipality specifying the total amount appropriated for the purposes of the department or functional area.,FUNCTION,Function,0,6,Function,Na,No,Na,Na,0,,FX000000000000000000000000000000000000,FX,0,0,0,0,0,0,0,0,0,0,0,0,,SCOAFUNCTION-FX0,FUNCTION,0,4,0,1,6.1
{5021220F-34D3-4583-8D1F-13B18851D36D},4605e80f-59f2-41d4-a0ed-b8a0eff56ceb,4994c30b-acb2-404a-9b8f-985c80b1e926,"This account is used for recording amounts receivable due from Non-exchange Transactions, such as insurance claims, rates and other taxes, subsidies, road reinstatements, repayments resulting from unauthorised expenditure.  Non-exchange Transactions are transactions that are not exchange transactions. In a non-exchange transaction, an entity either receives value from another entity without directly giving approximately equal value in exchange, or gives value to another entity without directly receiving approximately equal value in exchange.",ITEM AL,AssetsCurrent AssetsReceivables from Non-exchange Transactions,2,1610,Receivables from Non-exchange Transactions,Na,No,Na,All,0,,IA001004000000000000000000000000000000,IA,1,4,0,0,0,0,0,0,0,0,0,0,,SCOAITEM-IA0-IA2-IA3,ITEM,0,68,0,1,6.1
{601705A0-2963-4C9C-AB27-149E2ADFDE2A},cd3b0df1-2a96-416c-a711-10576b74cd94,3b60c880-756e-42e6-b609-778569e8d219,"Operational revenue provides for funds from all other sources of income not elsewhere classified such as administrative fees, bad debts recovered,  breakages, commission,  discounts and early settlements, etc.",FUND,FundOperational,1,7,Operational,Na,No,Na,All,0,,FD001000000000000000000000000000000000,FD,1,0,0,0,0,0,0,0,0,0,0,0,,SCOAFUND-FD0-FD197,FUND,0,5,0,1,6.1
{01AC7020-F06F-4751-9B4A-15B7262EDFFE},f76330f6-8ca7-4118-b6f7-b5f7a6c52f8d,5de97fa5-cd70-4ccf-a0d7-b165508a6602,"Community service is a service or activity that is performed by the municipality for the benefit of the public or its institutions.  Social services seeks to improve the quality of life and wellbeing of an individual, group, or community by intervening through research, policy, community organising, direct practices, and teaching on behalf of those afflicted with poverty or any real or perceived social injustices and violations of their human rights.  Research is often focused on areas such as human development, social policy, public administration, psychotherapy, program evaluation, and international and community development.  ",FUNCTION,FunctionCommunity and Social Services,1,7,Community and Social Services,Na,No,Na,Na,0,,FX001000000000000000000000000000000000,FX,1,0,0,0,0,0,0,0,0,0,0,0,,SCOAFUNCTION-FX0-FX185,FUNCTION,0,6,0,1,6.1
{1A377B12-6BAF-45DF-862F-1749DDA060EB},decd3df3-a7b5-4c7e-9173-cf10c3fc6b92,1b7462e9-6450-44f9-ace4-d765a2f73698,This item includes revenue of a general nature without any specific conditions directing the use of the funds.  ,FUND,FundOperationalRevenueGeneral Revenue,3,9,General Revenue,Na,No,Na,All,0,,FD001001001000000000000000000000000000,FD,1,1,1,0,0,0,0,0,0,0,0,0,,SCOAFUND-FD0-FD197-FD7-FD11,FUND,0,7,0,1,6.1
{3C374AF7-D7F4-48F2-993C-193B8FF1A2D7},1f2cbc33-d269-4c44-b37b-bbcdd14676d7,,Gains and losses are treated as a separate group of accounts due to the nature of these transaction.  Gains arise from the proceeds of the transaction exceeding the recognised value and losses from the recognised value exceeding the proceeds realised from the transaction.,GAINS AND LOSS,Gains and Losses,0,7,Gains and Losses,Na,No,Na,All,0,,IZ000000000000000000000000000000000000,IZ,0,0,0,0,0,0,0,0,0,0,0,0,,SCOAITEM-IZ0,ITEM,0,8,0,1,6.1
{672ACB35-39D3-45C2-90AE-193EABA6BEDD},427b0965-17fb-4d15-9e0f-3cb2f48784ce,564ed09c-083d-48c6-9f53-c0f1b07dce1a,"This classification provides regional indicators distinguishing at the highest level between national, provincial or local government.",REGIONAL,RegionalRegional Identifier,1,8,Regional Identifier,Na,No,Na,All,0,,RX002000000000000000000000000000000000,RX,2,0,0,0,0,0,0,0,0,0,0,0,,SCOAREGION-RX0-RX4087,REGION,0,9,0,1,6.1
{5C61D6FA-0090-4CE5-8C94-1D25BEE7393B},4165f87f-99f0-40b6-88f2-9745256a1dfd,7d7fea2e-c92b-45be-acac-987024436b0b,Projects of an operational nature relating to NERSA  Customer Account Expenses.,PROJECT,OperationalTypical Work StreamsNERSA  Customer Account Expenses,2,3992,NERSA  Customer Account Expenses,Na,No,Na,All,0,,PO003028000000000000000000000000000000,PO,3,28,0,0,0,0,0,0,0,0,0,0,,SCOAPROJECT-PO0-PO3-PO19,PROJECT,0,10,0,1,6.1
{442B5461-F985-46E7-9AB3-201A1A4855CB},7d7fea2e-c92b-45be-acac-987024436b0b,793624ea-78f0-45c1-a45f-f5ff8fc7d273,"Projects are created under this group for �operational projects� for example agricultural projects, capacity building, training and development, spatial planning, etc.  Typically these projects consist of various expense-items contributing to the outcome or objective of an initiative.  Default projects are included for guidance but the Municipality could expand these as considered necessary.  ",PROJECT,OperationalTypical Work Streams,1,3872,Typical Work Streams,Na,No,Na,All,0,,PO003000000000000000000000000000000000,PO,3,0,0,0,0,0,0,0,0,0,0,0,,SCOAPROJECT-PO0-PO3,PROJECT,0,11,0,1,6.1
{3FE8C427-AA90-438B-8A20-237574E7B055},e319d83e-de2d-4873-a9ad-fe479789e02c,b87bbe49-6746-42e7-acbc-3b5a0d15cb7b,"Non-core functions as determined ito the Constitution section 156(4) and 229 with Schedule 4A and 5A read with Sections 83 and 84 of the Local Government Municipal Structures Act, directing on the functions and powers of district and local municipalities.  [Potentially unfunded mandates - MFMA Circular 74]",FUNCTION,FunctionOtherNon-core Function,2,118,Non-core Function,Na,No,Na,Na,0,,FX009002000000000000000000000000000000,FX,9,2,0,0,0,0,0,0,0,0,0,0,,SCOAFUNCTION-FX0-FX6-FX35,FUNCTION,0,74,0,1,6.1
{3C3E7628-9B7E-408A-A367-29761FF70EDE},26051964-2306-495d-998b-9c8b6da93022,cc2cef6d-3ee7-4bde-a103-85f06f8235c6,"In a non-exchange transaction, the municipality either receive value from another entity without directly giving approximately equal value in exchange, or gives value to another entity without directly receiving approximately equal value in exchange.",ITEM REVENUE,RevenueNon-exchange Revenue,1,508,Non-exchange Revenue,Na,No,Na,All,0,,IR003000000000000000000000000000000000,IR,3,0,0,0,0,0,0,0,0,0,0,0,,SCOAITEM-IR0-IR35983,ITEM,0,12,0,1,6.1
{4215FCF2-99CA-460E-827B-2BC18F7123EC},cc2cef6d-3ee7-4bde-a103-85f06f8235c6,,"The gross inflow of economic benefits or service potential during the reporting period when those inflows result in an increase in net assets, other than increases relating to contributions from owners.",ITEM REVENUE,Revenue,0,7,Revenue,Na,No,Na,All,0,,IR000000000000000000000000000000000000,IR,0,0,0,0,0,0,0,0,0,0,0,0,,SCOAITEM-IR0,ITEM,0,13,0,1,6.1
{5C6CD511-9C92-43C5-8FD5-2CF99C20909B},05ff368a-44cf-4c35-9393-e00ab27bdbea,5a02a6aa-8a05-46eb-ab5a-7aa91b37f4cf,Information Technology System Application Recovery to receiving departments within a cost recovery agreement.  ,COST,CostingRecoveriesDepartmental RecoveriesCommunicationInformation Technology System Application,4,109,Information Technology System Application,Na,No,Na,All,1,,CO002001008001000000000000000000000000,CO,2,1,8,1,0,0,0,0,0,0,0,0,,SCOACOST-CO0-CO3-CO5-CO87-CO170,COST,0,14,0,1,6.1
{1A4EBC44-A6F4-4E8F-9BF7-34420BB77205},e060505b-a548-43a8-a378-e13a2baba875,447149f1-bb46-46b6-978d-b249867f6d59,This group of accounts provides for the basic services delivered by municipalities.   ,ITEM REVENUE,RevenueExchange RevenueService Charges,2,404,Service Charges,Na,No,Na,All,0,,IR002006000000000000000000000000000000,IR,2,6,0,0,0,0,0,0,0,0,0,0,,SCOAITEM-IR0-IR2-IR11,ITEM,0,15,0,1,6.1
{61359DC2-B889-4E94-B9F9-36531410EA94},9d834536-5605-42f1-ac74-dfbb4aa4ee7f,44a5a021-036b-4fe6-95ea-5cffbbdd7055,Regional Identifiers for the Western Cape Province.,REGIONAL,RegionalRegional IdentifierLocal Government by ProvinceWestern Cape,3,5371,Western Cape,Na,No,Na,All,0,,RX002003009000000000000000000000000000,RX,2,3,9,0,0,0,0,0,0,0,0,0,,SCOAREGION-RX0-RX4087-RX5-RX17,REGION,0,79,0,1,6.1
{5CECF7E9-1A04-4F1E-A867-3E44CA9EAFF9},03be56e4-f0dd-4097-9c38-7fe1bc45c5b0,0c34dbdd-3a40-4676-a297-53e86b9a63d9,Prior Period Corrections and adjustments on Property Rates  Farm Properties - Business and Commercial Purposes.,ITEM AL,AssetsCurrent AssetsReceivables from Non-exchange TransactionsProperty RatesFarm PropertiesBusiness and Commercial PurposesPrior Period Corrections and Recognised,6,1730,Prior Period Corrections and Recognised,Na,No,Na,All,1,,IA001004002003002004000000000000000000,IA,1,4,2,3,2,4,0,0,0,0,0,0,,SCOAITEM-IA0-IA2-IA3-IA46-IA180-IA579-IA3323,ITEM,0,80,0,1,6.1
{69575F65-DFF3-40D2-A09D-457756E53B72},33899bdf-54e4-4225-a00b-1c5d02726aed,02d0f412-d45e-4f4f-9225-379575ae7b8c,The gradual reduction of heritage assets (archives) recognised for the reporting period.,ITEM AL,AssetsNon-current AssetsHeritage AssetsRevaluationMonumentCulturally Significant Buildings Accumulated ImpairmentImpairment,6,4155,Impairment,Na,No,Na,All,1,,IA002004002004002002000000000000000000,IA,2,4,2,4,2,2,0,0,0,0,0,0,,SCOAITEM-IA0-IA5996-IA23-IA88-IA290-IA1674-IA4407,ITEM,0,16,0,1,6.1
{2BBB8E4A-F6E4-4C86-82F7-491DA67B7A86},ce4791e0-ad4d-4e2a-b858-95415d4dc7a5,9566a13a-e72e-45fd-a6f8-9a51a90db3f7,A municipality need to choose as its accounting policy either the cost model or the revaluation model and apply that policy to an entire class of heritage assets.,ITEM AL,AssetsNon-current AssetsHeritage AssetsRevaluation,3,4042,Revaluation,Na,No,Na,All,0,,IA002004002000000000000000000000000000,IA,2,4,2,0,0,0,0,0,0,0,0,0,,SCOAITEM-IA0-IA5996-IA23-IA88,ITEM,0,17,0,1,6.1
{B9F0A46D-AE51-4631-A1D6-5043280004C7},9eaf36d9-4e7c-46a9-83a4-f0ad7d0f2d16,26051964-2306-495d-998b-9c8b6da93022,"Property Rates means a municipal rate on property envisaged in section 229 (1)(a) of the Constitution read with the Municipal Property Rate Act 6 of 2004 as amended by the Municipal Property Rates Amendment Act, 2014.  Rateable property means property on which a municipality may in terms of section 8 levy a rate and excludes impermissible rates as per section 17 of the Act.  ",ITEM REVENUE,RevenueNon-exchange RevenueProperty Rates,2,559,Property Rates,Na,No,Na,All,0,,IR003003000000000000000000000000000000,IR,3,3,0,0,0,0,0,0,0,0,0,0,,SCOAITEM-IR0-IR35983-IR15,ITEM,0,18,0,1,6.1
{736E2E71-87B1-485A-B583-52A0771FA0AD},23946631-2859-45b9-ae59-180e3568853e,1f2cbc33-d269-4c44-b37b-bbcdd14676d7,"The gain or loss arising from the derecognition of an asset determined as the difference between the net disposal proceeds, if any, and the carrying amount of the asset.  It shall be recognised in surplus or deficit when the asset is derecognised.",GAINS AND LOSS,Gains and LossesDisposal of Fixed and Intangible Assets,1,11,Disposal of Fixed and Intangible Assets,Eout,No,Na,All,0,,IZ002000000000000000000000000000000000,IZ,2,0,0,0,0,0,0,0,0,0,0,0,,SCOAITEM-IZ0-IZ3,ITEM,0,19,0,1,6.1
{F3C3E653-CFCE-4796-A15E-53B5CBF8B366},74350fdc-0a67-4e8f-b4b8-614af34f9b5d,79f5506c-ceb3-4629-a8a5-43eb70f9e399,"This classification would not be applicable if the Municipal Property Rates Amendment Act, 2014 have been implemented by the municipality.  Property rates on Communal Land used for business and commercial andor apportioned in terms of section 9 of the Municipal Properties Rates Act, Act No 6 of 2004 and included in a valuation roll in terms of section 48(20(b) of the same act.",ITEM REVENUE,RevenueNon-exchange RevenueProperty RatesCommunal LandBusiness and Commercial,4,562,Business and Commercial,Zout,No,Na,All,1,,IR003003002001000000000000000000000000,IR,3,3,2,1,0,0,0,0,0,0,0,0,,SCOAITEM-IR0-IR35983-IR15-IR140-IR295,ITEM,0,20,0,1,6.1
{D5FADC98-F4C2-4362-AFC0-56127974D391},ac03e5b2-77fa-4055-8aa5-8c0fb43ffa7a,427b0965-17fb-4d15-9e0f-3cb2f48784ce,"Whole of the Province is the posting level for all transactions made within the Provincial Borders and not contributing to a specific community.  The use of this category is restricted to areas specifically identified and accepted as such by the Project Steering Committee to be municipal functions performed as part of a provincial strategy and executed as co-operative government, for example the non-core functions provided for as agency services in the Function Segment.",REGIONAL,RegionalRegional IdentifierProvincial Functions,2,11,Provincial Functions,Na,No,Na,All,0,,RX002002000000000000000000000000000000,RX,2,2,0,0,0,0,0,0,0,0,0,0,,SCOAREGION-RX0-RX4087-RX3,REGION,0,21,0,1,6.1
{45E22320-6ABE-433B-94E1-5AAB950A47D4},29645a40-2877-4c1f-9f88-3783dca07290,2a846c3e-f8af-4612-8ab1-50bcd6eadb39,Services provided benefit a specific municipality within the district.,REGIONAL,RegionalRegional IdentifierLocal Government by ProvinceWestern CapeDistrict MunicipalitiesDC02 Cape WinelandsMunicipalities,6,5607,Municipalities,Na,No,Na,All,0,,RX002003009002002004000000000000000000,RX,2,3,9,2,2,4,0,0,0,0,0,0,,SCOAREGION-RX0-RX4087-RX5-RX17-RX37-RX88-RX107,REGION,0,87,0,1,6.1
{7ADA9450-103B-43D7-A8F2-5DF1CE214859},276debb4-61f5-4b40-8ec1-ff0f05ce346d,,Liabilities are future sacrifices of economic benefits that an entity is presently obliged to make to other entities as a result of past transactions or other past events.  ,ITEM AL,Liabilities,0,7,Liabilities,Na,No,Na,All,0,,IL000000000000000000000000000000000000,IL,0,0,0,0,0,0,0,0,0,0,0,0,,SCOAITEM-IL0,ITEM,0,88,0,1,6.1
{902FE7FC-A0D6-45C8-802B-6010E469061A},b87bbe49-6746-42e7-acbc-3b5a0d15cb7b,5de97fa5-cd70-4ccf-a0d7-b165508a6602,"This function provides for core and non-core functions specifically listed as determined ito the Constitution section 156 with Schedule 45 AB with Sections 83 and 84 of the Local Government Municipal Structures Act, but not separately specific in the classification framework.  ",FUNCTION,FunctionOther,1,110,Other,Na,No,Na,Na,0,,FX009000000000000000000000000000000000,FX,9,0,0,0,0,0,0,0,0,0,0,0,,SCOAFUNCTION-FX0-FX6,FUNCTION,0,22,0,1,6.1
{041F9BB6-1B85-40A8-8D8A-6643E3856562},2e51769d-ac79-4f24-9924-f4bb6ee8d646,ba848e95-01c1-4448-bb00-ab4fe8c2371d,"This item includes the total value of interest payments, dividends and payment for the use of land owned by another party.",ITEM EXPENSE,"ExpenditureInterest, Dividends and Rent on Land",1,1996,"Interest, Dividends and Rent on Land",Na,No,Na,All,0,,IE006000000000000000000000000000000000,IE,6,0,0,0,0,0,0,0,0,0,0,0,,SCOAITEM-IE0-IE8,ITEM,0,23,0,1,6.1
{253DA993-1E2D-4101-9D3B-698AC123FD32},c9d0cbf5-dfa8-43d5-b044-0ca2014adb01,47c66738-a09f-4c6c-b8d3-ef0db5b8eae9,Services provided benefit the whole of the municipality other detail information is not available to allocate to the lower levels.,REGIONAL,RegionalRegional IdentifierLocal Government by ProvinceWestern CapeDistrict MunicipalitiesDC02 Cape WinelandsMunicipalitiesWC024 StellenboschWhole of the Municipality,8,5717,Whole of the Municipality,Na,No,Na,All,1,,RX002003009002002004003003000000000000,RX,2,3,9,2,2,4,3,3,0,0,0,0,,SCOAREGION-RX0-RX4087-RX5-RX17-RX37-RX88-RX107-RX324-RX1489,REGION,0,91,0,1,6.1
{45E6A8FC-659C-49A8-A113-6C2080FF76DB},12b99fdb-f514-4da5-aa6e-a332b0a8cf00,ce4791e0-ad4d-4e2a-b858-95415d4dc7a5,Classification as per the CIDMS Classification,ITEM AL,AssetsNon-current AssetsHeritage AssetsRevaluationMonument,4,4144,Monument,Na,No,Na,All,0,,IA002004002004000000000000000000000000,IA,2,4,2,4,0,0,0,0,0,0,0,0,,SCOAITEM-IA0-IA5996-IA23-IA88-IA290,ITEM,0,24,0,1,6.1
{99764AF7-E63C-4E51-9180-6CA156E98C83},bfd587bc-a66e-4387-84d4-9758b3328f86,f76330f6-8ca7-4118-b6f7-b5f7a6c52f8d,"Non-core functions as determined ito the Constitution section 156(4) and 229 with Schedule 4A and 5A read with Sections 83 and 84 of the Local Government Municipal Structures Act, directing on the functions and powers of district and local municipalities.  [Potentially unfunded mandates - MFMA Circular 74]",FUNCTION,FunctionCommunity and Social ServicesNon-core Function,2,19,Non-core Function,Na,No,Na,Na,0,,FX001002000000000000000000000000000000,FX,1,2,0,0,0,0,0,0,0,0,0,0,,SCOAFUNCTION-FX0-FX185-FX39,FUNCTION,0,93,0,1,6.1
{F41A9B81-29F2-416E-91CF-6D017E9D4DAB},447149f1-bb46-46b6-978d-b249867f6d59,cc2cef6d-3ee7-4bde-a103-85f06f8235c6,"Exchange transactions are transactions in which one entity receive assets or service, or has liabilities extinguished, and directly gives approximately equal value (primarily in the form of cash, goods, services, or use of assets) to another entity in exchange.",ITEM REVENUE,RevenueExchange Revenue,1,9,Exchange Revenue,Na,No,Na,All,0,,IR002000000000000000000000000000000000,IR,2,0,0,0,0,0,0,0,0,0,0,0,,SCOAITEM-IR0-IR2,ITEM,0,25,0,1,6.1
{AE4C785F-51AF-47E9-B674-6DAEAEAE1408},abd0271f-9bd4-43f1-99ee-ad107974cd25,de1b50ca-c308-4197-92a7-a939db3f8f06,This account should record amounts payable to others for transmission of the utility's electricity using transmission power system facilities owned by others.  [NERSA GG 626]  Specific definition outstanding from NERSA.,ITEM EXPENSE,ExpenditureContracted ServicesContractorsTransmission of Electricity by OtherAncillary Charges,4,166,Ancillary Charges,StdIn,No,Na,All,1,,IE003003039002000000000000000000000000,IE,3,3,39,2,0,0,0,0,0,0,0,0,,SCOAITEM-IE0-IE16-IE20-IE203-IE499,ITEM,0,26,0,1,6.1
{6FE36FD1-BEAE-4E91-A027-6E0B2B4F6E41},08d7ba32-badd-4514-89a8-6fe512572ccc,3c2a5d90-f58e-48c9-8df1-a0747ddf2a51,Fees charge for connectingreconnecting a new user or disconnect user to the water network. ,ITEM REVENUE,RevenueExchange RevenueService ChargesWaterConnectionDisconnection,4,469,ConnectionDisconnection,StdOut,No,Na,All,1,,IR002006004001000000000000000000000000,IR,2,6,4,1,0,0,0,0,0,0,0,0,,SCOAITEM-IR0-IR2-IR11-IR44-IR156,ITEM,0,27,0,1,6.1
{10DCA64C-69E5-431D-A76B-7081CA90B4A4},3d588ffd-6e21-46d8-8470-6a859ba2187a,2e51769d-ac79-4f24-9924-f4bb6ee8d646,"This item includes the total value of interest payments. These are payments associated with debt, for example interest on borrowing and overdraft facilities.  Interest payments on bills and bonds issued by other government units are also included here.  Interest paid on overdue accounts should also be included under this item. Interest include Public Sector (Domestic and Foreign) and Private Sector (Domestic and Foreign).",ITEM EXPENSE,"ExpenditureInterest, Dividends and Rent on LandInterest Paid",2,1998,Interest Paid,Na,No,Na,All,0,,IE006002000000000000000000000000000000,IE,6,2,0,0,0,0,0,0,0,0,0,0,,SCOAITEM-IE0-IE8-IE118,ITEM,0,28,0,1,6.1
{EA9533B5-2745-4379-95DB-75F9AB9A5090},79f5506c-ceb3-4629-a8a5-43eb70f9e399,9eaf36d9-4e7c-46a9-83a4-f0ad7d0f2d16,"This classification would not be applicable if the Municipal Property Rates Amendment Act, 2014 have been implemented by the municipality.  Communal Land is defined in the Communal Land Rights Act, No 11 of 2004 as being land contemplated in section 2 which is, or to be, occupied or used by members of a community subject to the rules or custom of that community.  Section 9 of this act directs that a property used for multi purposes must, for rates purposes, be assigned to a category determined by the municipality for properties used for (a) a purpose corresponding with the permitted use of the property; (b) a purpose corresponding with the dominant use of the property or (c) multiple purpose in terms of section 8(2)(r).  Subsection 2 determines that a rate levied on a property assigned in terms of subsection (1)(c) to a category of properties used for multiple purposes must be determined by (a) apportioning the market value of the property, in a manner as may be prescribed, to the different purposes for which the property is used; and (b) applying the rates applicable to the categories determined by the municipality for properties used for those purposes to the different market value apportionments. Accordingly Communal Land are sub-divided according to the use of the property or parts thereof in agricultural, residential, industrial, business and commercial and other purposes not specified above.  ",ITEM REVENUE,RevenueNon-exchange RevenueProperty RatesCommunal Land,3,561,Communal Land,Na,No,Na,All,0,,IR003003002000000000000000000000000000,IR,3,3,2,0,0,0,0,0,0,0,0,0,,SCOAITEM-IR0-IR35983-IR15-IR140,ITEM,0,29,0,1,6.1
{0FC70763-1E7F-47B1-ACDE-7892656137F3},92368619-2746-43dd-a4a5-6ea6f38000df,23946631-2859-45b9-ae59-180e3568853e,"The gain or loss arising from the derecognition of an asset determined as the difference between the net disposal proceeds, if any, and the carrying amount of the item.",GAINS AND LOSS,"Gains and LossesDisposal of Fixed and Intangible AssetsProperty, Plant and Equipment",2,21,"Property, Plant and Equipment",Na,No,Na,All,0,,IZ002004000000000000000000000000000000,IZ,2,4,0,0,0,0,0,0,0,0,0,0,,SCOAITEM-IZ0-IZ3-IZ21,ITEM,0,30,0,1,6.1
{0954A087-6B8A-41F6-94DF-79BD1A38B997},964ef6f6-e28b-418f-ad7c-7b42176ac51c,4baceb49-4bf8-4a31-bcf4-234adc0ae8bd,Non-current assets refers to assets which would recover after 12 months  or  after the normal operating cycle of the municipality,ITEM AL,AssetsNon-current Assets,1,2601,Non-current Assets,Na,No,Na,All,0,,IA002000000000000000000000000000000000,IA,2,0,0,0,0,0,0,0,0,0,0,0,,SCOAITEM-IA0-IA5996,ITEM,0,31,0,1,6.1
{B05AE8F1-5C70-46B9-B270-828138B53778},153259f6-1f08-4df3-a474-21a294ba4463,e319d83e-de2d-4873-a9ad-fe479789e02c,"Include licensing of food and liquor sales to the public and licensing of street traders (hawkers control) and business.  Does not include building or planning regulation or vehicle licensing.  [Included in GFS ~ Planning and Development  Licensing and Regulation.  Non-core Function as determined ito the Constitution section 156(1) with Schedule 5Afor liquor licences.  Not specifically defined being within the powers and functions of a district municipality by section 83 and 84 of the Local Government Municipal Structures Act, however the MEC may alter these functions in terms of section 85 of this Act]",FUNCTION,FunctionOtherNon-core FunctionLicensing and Regulation,3,122,Licensing and Regulation,Standard Rate,No,Na,Na,1,,FX009002004000000000000000000000000000,FX,9,2,4,0,0,0,0,0,0,0,0,0,,SCOAFUNCTION-FX0-FX6-FX35-FX113,FUNCTION,0,101,0,1,6.1
{2C162334-42E9-4C0B-87CD-89DF43600273},aa1449c8-c4e8-41b8-b919-9fe171d6b0fd,4fa819e6-7a4f-4ddc-b2c3-2abaf854a949,"The gain or loss arising from the derecognition of an asset determined as the difference between the net disposal proceeds, if any, and the carrying amount of the item.",GAINS AND LOSS,"Gains and LossesDisposal of Fixed and Intangible AssetsProperty, Plant and EquipmentElectrical InfrastructureLosses",4,30,Losses,Eout,No,Na,All,1,,IZ002004003002000000000000000000000000,IZ,2,4,3,2,0,0,0,0,0,0,0,0,,SCOAITEM-IZ0-IZ3-IZ21-IZ100-IZ127,ITEM,0,32,0,1,6.1
{5D5118B0-DB56-4630-8FA9-8ADAC498B932},578ac7ae-b8fe-44ae-9b7d-96f149f3eb9f,3d588ffd-6e21-46d8-8470-6a859ba2187a,The cost iro the interest on external loans. ,ITEM EXPENSE,"ExpenditureInterest, Dividends and Rent on LandInterest PaidBorrowings",3,2001,Borrowings,Na,No,Na,All,0,,IE006002003000000000000000000000000000,IE,6,2,3,0,0,0,0,0,0,0,0,0,,SCOAITEM-IE0-IE8-IE118-IE321,ITEM,0,33,0,1,6.1
{9737F571-A44E-49E6-A64D-8FBC5835743D},0c553829-cfe1-4f9b-97bc-3fa15c68d0c8,323a0e6e-5f5a-4e44-9742-5a1b56db0a69,This account is for recording local registered stock.  Local registered stock refers to stockbond issues made by the municipality through BESA being part of the JSE.  ,ITEM AL,LiabilitiesCurrent LiabilitiesFinancial LiabilitiesCurrent portion of Non-current BorrowingsLocal Registered Stock,4,626,Local Registered Stock,Na,No,Na,All,0,,IL001003004005000000000000000000000000,IL,1,3,4,5,0,0,0,0,0,0,0,0,,SCOAITEM-IL0-IL2-IL4-IL79-IL197,ITEM,0,104,0,1,6.1
{DADAB6CE-4362-4159-BB93-9147439B19CD},a797a4d7-533a-42da-8e3f-90ec84bd2d81,bfd587bc-a66e-4387-84d4-9758b3328f86,"This function provides for zoo's. [Included in GFS ~ Community and Social Services  Other Community.  Public places ito the Constitution section 156(4) with Schedule 5B.  Not specifically defined being within the powers and functions of a district municipality by section 83 and 84 of the Local Government Municipal Structures Act, however the MEC may alter these functions in terms of section 85 of this Act.]",FUNCTION,FunctionCommunity and Social ServicesNon-core FunctionZoo's,3,39,Zoo's,Standard Rate,No,Na,Na,1,,FX001002020000000000000000000000000000,FX,1,2,20,0,0,0,0,0,0,0,0,0,,SCOAFUNCTION-FX0-FX185-FX39-FX86,FUNCTION,0,105,0,1,6.1
{12AF6C98-42E7-405B-B7BC-914E0AB041F6},b9c3b4e1-e952-45af-9ff2-1ce30bdfef4a,895c14d2-148f-40c2-8905-86b09eb13c52,"Include licensing of food and liquor sales to the public and licensing of street traders (hawkers control) and business.  Does not include building or planning regulation or vehicle licensing.  [Included in GFS ~ Planning and Development  Licensing and Regulation.  Core Function as determined ito the Constitution section 156(1) with Schedule 4B providing for trading regulations and 5B for licensing and control of undertakings that sell food to the public.  Not specifically defined being within the powers and functions of a district municipality by section 83 and 84 of the Local Government Municipal Structures Act, however the MEC may alter these functions in terms of section 85 of this Act]",FUNCTION,FunctionOtherCore FunctionLicensing and Regulation,3,115,Licensing and Regulation,Various,No,Na,Na,1,,FX009001004000000000000000000000000000,FX,9,1,4,0,0,0,0,0,0,0,0,0,,SCOAFUNCTION-FX0-FX6-FX36-FX110,FUNCTION,0,34,0,1,6.1
{BB2FC347-1AF5-40C6-A8A1-9F9A1B8D5147},5a02a6aa-8a05-46eb-ab5a-7aa91b37f4cf,000ad720-9702-4f8a-92fe-2a8b4785f511,internal and external communication Recovery to receiving departments within a cost recovery agreement.,COST,CostingRecoveriesDepartmental RecoveriesCommunication,3,108,Communication,Na,No,Na,All,0,,CO002001008000000000000000000000000000,CO,2,1,8,0,0,0,0,0,0,0,0,0,,SCOACOST-CO0-CO3-CO5-CO87,COST,0,35,0,1,6.1
{F090FBCC-48E8-4C8C-A0D2-A5ADBF77D09E},4baceb49-4bf8-4a31-bcf4-234adc0ae8bd,,Assets are resources controlled by the municipality as a result of past events and from which future economic benefits or service potential are expected to flow to the entity. ,ITEM AL,Assets,0,7,Assets,Na,No,Na,All,0,,IA000000000000000000000000000000000000,IA,0,0,0,0,0,0,0,0,0,0,0,0,,SCOAITEM-IA0,ITEM,0,36,0,1,6.1
{7BC09639-DCD4-4492-A52B-A5E9BE50A39C},750de53a-435f-4328-a03f-2d31c19f0908,bdc7fcba-90b2-4ce9-b3b6-31a5298f67b6,This account should record amounts payable to others for distribution  of the utility's electricity using distribution power system facilities owned by others  [NERSA GG 626],ITEM EXPENSE,ExpenditureContracted ServicesContractorsDistribution of Electricity by Others,3,133,Distribution of Electricity by Others,Na,No,Na,All,0,,IE003003011000000000000000000000000000,IE,3,3,11,0,0,0,0,0,0,0,0,0,,SCOAITEM-IE0-IE16-IE20-IE195,ITEM,0,109,0,1,6.1
{4F7D6355-6FCF-4D04-B58A-ADC6BC455D65},323a0e6e-5f5a-4e44-9742-5a1b56db0a69,3ba29e8d-adb8-4280-9988-8683b6177622,This group of accounts provide for the portion of  non-current liabilities to be redeemed within 12 months from the reporting date.,ITEM AL,LiabilitiesCurrent LiabilitiesFinancial LiabilitiesCurrent portion of Non-current Borrowings,3,80,Current portion of Non-current Borrowings,Na,No,Na,All,0,,IL001003004000000000000000000000000000,IL,1,3,4,0,0,0,0,0,0,0,0,0,,SCOAITEM-IL0-IL2-IL4-IL79,ITEM,0,110,0,1,6.1
{B402AB8C-B58B-42C7-8055-B2D3FA9BE262},727e21d3-05da-431f-81bc-b8c0128fa6bb,ac03e5b2-77fa-4055-8aa5-8c0fb43ffa7a,"Whole of the Province is the posting level for all transactions made within the Provincial Borders and not contributing to a specific community.  The use of this category is restricted to areas specifically identified and accepted as such by the Project Steering Committee to be municipal functions performed as part of a provincial strategy and executed as co-operative government, for example the non-core functions provided for as agency services in the Function Segment.  This allocation is specific to agency service provided on behalf of the Western Cape, for example library service, housing development and road ordinance.",REGIONAL,RegionalRegional IdentifierProvincial FunctionsWhole of the Province  Western Cape,3,20,Whole of the Province  Western Cape,Na,No,Provide for NT to add detail,All,0,,RX002002009000000000000000000000000000,RX,2,2,9,0,0,0,0,0,0,0,0,0,,SCOAREGION-RX0-RX4087-RX3-RX13,REGION,0,37,0,1,6.1
{070E0289-DEE3-431F-9FD9-B329DC6DB5EF},02d0f412-d45e-4f4f-9225-379575ae7b8c,12b99fdb-f514-4da5-aa6e-a332b0a8cf00,"A heritage asset shall not be depreciated but an entity shall assess at each reporting date whether there is an indication that it may be impaired. If any such indication exists, the entity shall estimate the recoverable amount or the recoverable service amount of the heritage asset.  ",ITEM AL,AssetsNon-current AssetsHeritage AssetsRevaluationMonumentCulturally Significant Buildings Accumulated Impairment,5,4153,Culturally Significant Buildings Accumulated Impairment,Na,No,Na,All,0,,IA002004002004002000000000000000000000,IA,2,4,2,4,2,0,0,0,0,0,0,0,,SCOAITEM-IA0-IA5996-IA23-IA88-IA290-IA1674,ITEM,0,38,0,1,6.1
{1FAE05D4-8243-4BE3-BA82-B39F09EFDA76},3c2a5d90-f58e-48c9-8df1-a0747ddf2a51,e060505b-a548-43a8-a378-e13a2baba875,Revenue collected from sales and services rendered relating to Water including availability charges.,ITEM REVENUE,RevenueExchange RevenueService ChargesWater,3,468,Water,Na,No,Na,All,0,,IR002006004000000000000000000000000000,IR,2,6,4,0,0,0,0,0,0,0,0,0,,SCOAITEM-IR0-IR2-IR11-IR44,ITEM,0,39,0,1,6.1
{41463BD6-1785-447A-B582-B52A5D84E86C},793624ea-78f0-45c1-a45f-f5ff8fc7d273,,Operational projects refer to current and short term projects for which the cost is immediately recognised as an expense and funded from the municipalities' operational budget.,PROJECT,Operational,0,439,Operational,Na,No,Na,All,0,,PO000000000000000000000000000000000000,PO,0,0,0,0,0,0,0,0,0,0,0,0,,SCOAPROJECT-PO0,PROJECT,0,40,0,1,6.1
{29E8D92D-7B04-42DE-BE84-B793F44A3F62},47c66738-a09f-4c6c-b8d3-ef0db5b8eae9,29645a40-2877-4c1f-9f88-3783dca07290,Services provided benefit a specific municipality within the district.,REGIONAL,RegionalRegional IdentifierLocal Government by ProvinceWestern CapeDistrict MunicipalitiesDC02 Cape WinelandsMunicipalitiesWC024 Stellenbosch,7,5686,WC024 Stellenbosch,Na,No,Na,All,0,,RX002003009002002004003000000000000000,RX,2,3,9,2,2,4,3,0,0,0,0,0,,SCOAREGION-RX0-RX4087-RX5-RX17-RX37-RX88-RX107-RX324,REGION,0,114,0,1,6.1
{8D2E8B95-A234-499C-B1B6-B83A2BD17FF2},57c310d5-0ef4-46b4-ba90-92c4ada69c96,9ed083e5-2237-4a75-a6a1-e4d859c44960,Regional Identifiers set-up by district municipalities,REGIONAL,RegionalRegional IdentifierLocal Government by ProvinceWestern CapeDistrict MunicipalitiesDC03 Overberg,5,5759,DC03 Overberg,Na,No,Na,All,0,,RX002003009002003000000000000000000000,RX,2,3,9,2,3,0,0,0,0,0,0,0,,SCOAREGION-RX0-RX4087-RX5-RX17-RX37-RX87,REGION,0,115,0,1,6.1
{87176865-7CF3-46F2-A87B-C0527056695A},1a1dd570-0f5a-45da-b841-dbd73683e88d,4605e80f-59f2-41d4-a0ed-b8a0eff56ceb,"This account provides for amounts outstanding from rate payers levied in terms of the Municipal Property Rates Act.  Property Rates means a municipal rate on property envisaged in section 229 (1)(a) of the Constitution.  Rateable property means property on which a municipality may in terms of section 2 levy a rate, excluding property fully excluded from the levying of rates in terms of section 17.  [Local Government Municipal Property Rates Act and Regulation 6 of 2004]",ITEM AL,AssetsCurrent AssetsReceivables from Non-exchange TransactionsProperty Rates,3,1625,Property Rates,Na,No,Na,All,0,,IA001004002000000000000000000000000000,IA,1,4,2,0,0,0,0,0,0,0,0,0,,SCOAITEM-IA0-IA2-IA3-IA46,ITEM,0,116,0,1,6.1
{742967F4-4575-4A41-AC3D-C21D3E4E34F7},000ad720-9702-4f8a-92fe-2a8b4785f511,e2585e2e-949e-4cc8-8ede-1ddcb5438a7f,"This refers to the allocation of overheads (receiving department) to a cost centre used by multiple functions, such as Information Technology; for example, pro rata allocations based on the number of service points or users such as the electricity department.  ",COST,CostingRecoveriesDepartmental Recoveries,2,100,Departmental Recoveries,Na,No,Na,All,0,,CO002001000000000000000000000000000000,CO,2,1,0,0,0,0,0,0,0,0,0,0,,SCOACOST-CO0-CO3-CO5,COST,0,41,0,1,6.1
{1D0DCC82-97A8-4A07-88AF-C45460F047F3},9566a13a-e72e-45fd-a6f8-9a51a90db3f7,964ef6f6-e28b-418f-ad7c-7b42176ac51c,"Heritage assets are assets that have a cultural, environmental, historical, natural, scientific, technological or artistic significance and are held indefinitely for the benefit of present and future generations.  ",ITEM AL,AssetsNon-current AssetsHeritage Assets,2,3895,Heritage Assets,Na,No,Na,All,0,,IA002004000000000000000000000000000000,IA,2,4,0,0,0,0,0,0,0,0,0,0,,SCOAITEM-IA0-IA5996-IA23,ITEM,0,42,0,1,6.1
{10F9395E-AD8D-434F-91C1-C59102B03EA4},1deb6fa3-b56a-4a06-a4bf-6a9fcf0900bd,,Providing for secondary cost allocation in separate categories for charge out and recoveries.,COST,Costing,0,6,Costing,Na,No,Na,All,0,,CO000000000000000000000000000000000000,CO,0,0,0,0,0,0,0,0,0,0,0,0,,SCOACOST-CO0,COST,0,43,0,1,6.1
{6ECC0F0D-A114-44E4-9192-C5DDFF7EF138},5303272b-4c06-4e9f-bc6c-4501baa47e6d,750de53a-435f-4328-a03f-2d31c19f0908,This account should record amounts payable to others for distribution  of the utility's electricity using distribution power system facilities owned by others  [NERSA GG 626]  Specific definition os from NERSA!,ITEM EXPENSE,ExpenditureContracted ServicesContractorsDistribution of Electricity by OthersAncillary Charges,4,135,Ancillary Charges,StdIn,No,Na,All,1,,IE003003011002000000000000000000000000,IE,3,3,11,2,0,0,0,0,0,0,0,0,,SCOAITEM-IE0-IE16-IE20-IE195-IE503,ITEM,0,120,0,1,6.1
{BF51C918-7130-4974-9B0A-C6D52A38DEB4},bdc7fcba-90b2-4ce9-b3b6-31a5298f67b6,0af6a506-a44b-4f83-a65b-03d7fd508c89,"Contractors are required to provide services that are not the core business of the municipality. It is normally not cost effective to maintain these skills within the department.  Contractors include costs associated with the use of contracted individuals or businesses on projects or tasks. This does not include amounts payable to contractors in respect of provision of services such as cleaning and security even if a staff element can be identified. Note also that it is common practice that the said contractor provides all the materials required for the project - heshe tenders for the whole project, materials included.",ITEM EXPENSE,ExpenditureContracted ServicesContractors,2,122,Contractors,Na,No,Na,All,0,,IE003003000000000000000000000000000000,IE,3,3,0,0,0,0,0,0,0,0,0,0,,SCOAITEM-IE0-IE16-IE20,ITEM,0,44,0,1,6.1
{5D68177B-E97F-4E39-A597-C7EF3A779032},abe06fc7-6981-411b-be6d-7a7bb2b64d0d,e34114c2-5447-4f6c-a6dd-df3c742b6ac1,"This function provides for zoo's.  [Included in GFS ~ Community and Social Services  Other Community.  The Constitution Schedule 5B (Core) provides for public places.  Not specifically defined being within the powers and functions of a district municipality by section 83 and 84 of the Local Government Municipal Structures Act, however the MEC may alter these functions in terms of section 85 of this Act.]",FUNCTION,FunctionCommunity and Social ServicesCore FunctionZoo's,3,18,Zoo's,Standard Rate,No,Na,Na,1,,FX001001010000000000000000000000000000,FX,1,1,10,0,0,0,0,0,0,0,0,0,,SCOAFUNCTION-FX0-FX185-FX40-FX74,FUNCTION,0,45,0,1,6.1
{B0449BFE-418A-448C-8FD8-CA16F3B48FF4},0c34dbdd-3a40-4676-a297-53e86b9a63d9,967d2498-23cd-4f84-a908-512c9893bb62,Accounts receivables from property rates levied on Farm Properties - Business and Commercial Purposes.,ITEM AL,AssetsCurrent AssetsReceivables from Non-exchange TransactionsProperty RatesFarm PropertiesBusiness and Commercial Purposes,5,1726,Business and Commercial Purposes,Na,No,Na,All,0,,IA001004002003002000000000000000000000,IA,1,4,2,3,2,0,0,0,0,0,0,0,,SCOAITEM-IA0-IA2-IA3-IA46-IA180-IA579,ITEM,0,123,0,1,6.1
{49D0F7BF-7FFC-4A5D-AD11-CB671988B6F9},4994c30b-acb2-404a-9b8f-985c80b1e926,4baceb49-4bf8-4a31-bcf4-234adc0ae8bd,Current assets refers to assets which would recover in no more than 12 months after the reporting date or if the normal operating cycle is more than 12 months the longer period. ,ITEM AL,AssetsCurrent Assets,1,8,Current Assets,Na,No,Na,All,0,,IA001000000000000000000000000000000000,IA,1,0,0,0,0,0,0,0,0,0,0,0,,SCOAITEM-IA0-IA2,ITEM,0,124,0,1,6.1
{46E332BD-96CC-4257-9D27-CBE85ACBE1B5},2a846c3e-f8af-4612-8ab1-50bcd6eadb39,9ed083e5-2237-4a75-a6a1-e4d859c44960,Regional Identifiers set-up by district municipalities,REGIONAL,RegionalRegional IdentifierLocal Government by ProvinceWestern CapeDistrict MunicipalitiesDC02 Cape Winelands,5,5598,DC02 Cape Winelands,Na,No,Na,All,0,,RX002003009002002000000000000000000000,RX,2,3,9,2,2,0,0,0,0,0,0,0,,SCOAREGION-RX0-RX4087-RX5-RX17-RX37-RX88,REGION,0,125,0,1,6.1
{C2AFA3BD-5995-4C5A-81BD-CF88D5AE56A4},de1b50ca-c308-4197-92a7-a939db3f8f06,bdc7fcba-90b2-4ce9-b3b6-31a5298f67b6,This account should record amounts payable to others for transmission of the utility's electricity using transmission power system facilities owned by others.  [NERSA GG 626]  Specific definition outstanding from NERSA.,ITEM EXPENSE,ExpenditureContracted ServicesContractorsTransmission of Electricity by Other,3,164,Transmission of Electricity by Other,Na,No,Na,All,0,,IE003003039000000000000000000000000000,IE,3,3,39,0,0,0,0,0,0,0,0,0,,SCOAITEM-IE0-IE16-IE20-IE203,ITEM,0,46,0,1,6.1
{B9C40FFB-9816-43DD-8B48-D457500EFF4A},055055fa-3fcc-41d3-a8b9-9a676e325e13,ac03e5b2-77fa-4055-8aa5-8c0fb43ffa7a,"Whole of the Province is the posting level for all transactions made within the Provincial Borders and not contributing to a specific community.  The use of this category is restricted to areas specifically identified and accepted as such by the Project Steering Committee to be municipal functions performed as part of a provincial strategy and executed as co-operative government, for example the non-core functions provided for as agency services in the Function Segment.  This allocation is specific to agency service provided on behalf of the Mpumalanga, for example library service, housing development and road ordinance.",REGIONAL,RegionalRegional IdentifierProvincial FunctionsWhole of the Province  Mpumalanga,3,17,Whole of the Province  Mpumalanga,Na,No,Provide for NT to add detail,All,0,,RX002002006000000000000000000000000000,RX,2,2,6,0,0,0,0,0,0,0,0,0,,SCOAREGION-RX0-RX4087-RX3-RX14,REGION,0,47,0,1,6.1
{5B8DC476-4E26-4800-A9D8-D6EDD9D2A119},05f8d761-b8e2-48b2-b302-2fa2693d6283,578ac7ae-b8fe-44ae-9b7d-96f149f3eb9f,Interest paid on local registered stock.,ITEM EXPENSE,"ExpenditureInterest, Dividends and Rent on LandInterest PaidBorrowingsLocal Registered Stock",4,2006,Local Registered Stock,EIn,No,Na,All,1,,IE006002003005000000000000000000000000,IE,6,2,3,5,0,0,0,0,0,0,0,0,,SCOAITEM-IE0-IE8-IE118-IE321-IE684,ITEM,0,48,0,1,6.1
{609ECCF5-1685-4479-B476-D83A514D17BB},895c14d2-148f-40c2-8905-86b09eb13c52,b87bbe49-6746-42e7-acbc-3b5a0d15cb7b,"Core Function as determined ito the Constitution section 156(1) and 229 with Schedule 4 and 5 Tabled B read with Sections 83 and 84 of the Local Government Municipal Structures Act, directing on the functions and powers of district and local municipalities.  [Funded Mandates - MFMA Circular 74].",FUNCTION,FunctionOtherCore Function,2,111,Core Function,Na,No,Na,Na,0,,FX009001000000000000000000000000000000,FX,9,1,0,0,0,0,0,0,0,0,0,0,,SCOAFUNCTION-FX0-FX6-FX36,FUNCTION,0,49,0,1,6.1
{C40BF079-FA57-4D5A-AD3E-DA4964B57EE5},3b60c880-756e-42e6-b609-778569e8d219,,Funding sources available to the municipalities to invest in municipal activities,FUND,Fund,0,6,Fund,Na,No,Na,All,0,,FD000000000000000000000000000000000000,FD,0,0,0,0,0,0,0,0,0,0,0,0,,SCOAFUND-FD0,FUND,0,50,0,1,6.1
{2608A32D-AE75-4470-88D2-DC0BFC71AADE},5692f970-c29c-4044-80d7-1bcdbdd34348,8cdf9a1d-2fb1-42ef-a914-c080d1e08739,Funds generated from property rates levied in terms of the Local Government Municipal Property Rate Act 2004 excluding special rating areas as defined in this Act.,FUND,FundOperationalRevenueGeneral RevenueTaxesProperty RatesLevies,6,31,Levies,Na,No,Na,All,1,,FD001001001009001002000000000000000000,FD,1,1,1,9,1,2,0,0,0,0,0,0,,SCOAFUND-FD0-FD197-FD7-FD11-FD56-FD226-FD2106,FUND,0,51,0,1,6.1
{4634B81E-DDAA-4B4A-A0C2-DC0E2459063B},c3be5e12-e6d0-4ca5-907d-594a2131e37c,58bf1414-011a-49b9-afa6-14e3cffcf3d4,"A heritage asset shall not be depreciated but an entity shall assess at each reporting date whether there is an indication that it may be impaired. If any such indication exists, the entity shall estimate the recoverable amount or the recoverable service amount of the heritage asset.  ",ITEM AL,AssetsNon-current AssetsHeritage AssetsRevaluationWorks of ArtAntiques and Collections Accumulated Impairment,5,4096,Antiques and Collections Accumulated Impairment,Na,No,Na,All,0,,DUMMY_BREAKDOWN_6,IA,2,4,2,3,2,0,0,0,0,0,0,0,,SCOAITEM-IA0-IA5996-IA23-IA88-IA293-IA1658,ITEM,0,52,0,1,6.1
{18A3FC67-466A-402F-974B-DCAD82597187},ba848e95-01c1-4448-bb00-ab4fe8c2371d,,"Expenses are decreases in economic benefits or service potential during the reporting period in the form of outflows or consumption of assets or incurrence's of liabilities that result in decrease in net assets, other than those relating to distributions of owners.  [GRAP 1]",ITEM EXPENSE,Expenditure,0,6,Expenditure,Na,No,Na,All,0,,IE000000000000000000000000000000000000,IE,0,0,0,0,0,0,0,0,0,0,0,0,,SCOAITEM-IE0,ITEM,0,53,0,1,6.1
{9F619D62-BBCD-4B9C-97DD-E062199A7BB3},4fa819e6-7a4f-4ddc-b2c3-2abaf854a949,92368619-2746-43dd-a4a5-6ea6f38000df,"The gain or loss arising from the derecognition of an asset determined as the difference between the net disposal proceeds, if any, and the carrying amount of the item.",GAINS AND LOSS,"Gains and LossesDisposal of Fixed and Intangible AssetsProperty, Plant and EquipmentElectrical Infrastructure",3,28,Electrical Infrastructure,Eout,No,Na,All,0,,IZ002004003000000000000000000000000000,IZ,2,4,3,0,0,0,0,0,0,0,0,0,,SCOAITEM-IZ0-IZ3-IZ21-IZ100,ITEM,0,54,0,1,6.1
{979F5B07-222A-4EFA-9028-E3B036335860},564ed09c-083d-48c6-9f53-c0f1b07dce1a,,The purpose of the regional segment is to assign municipal expenditure and at the discretion of the municipality some revenue to the lowest relevant geographical region to identify the communities that benefit from spending.  This implies that expenditure must be recorded so that the final impact of such spending can be measured by region in order to get a regional view of the economic impact of government spending.  ,REGIONAL,Regional,0,6,Regional,Na,No,Na,All,0,,RX000000000000000000000000000000000000,RX,0,0,0,0,0,0,0,0,0,0,0,0,,SCOAREGION-RX0,REGION,0,55,0,1,6.1
{C0B47C02-CC51-415B-A226-E43C71A29AA7},8cdf9a1d-2fb1-42ef-a914-c080d1e08739,083ed333-f77f-43a9-95fb-b30134082561,Urban Transport run by municipalities as commercial services.,FUND,FundOperationalRevenueGeneral RevenueTaxesProperty Rates,5,29,Property Rates,Na,No,Na,All,0,,FD001001001009001000000000000000000000,FD,1,1,1,9,1,0,0,0,0,0,0,0,,SCOAFUND-FD0-FD197-FD7-FD11-FD56-FD226,FUND,0,56,0,1,6.1
{010029DC-5088-48B1-8540-E5C487E84224},e2585e2e-949e-4cc8-8ede-1ddcb5438a7f,1deb6fa3-b56a-4a06-a4bf-6a9fcf0900bd,Distinction is made at this level between charges to receiving departments  and recoveries made be sending departments.    This specific is for recoveries by sender departments.,COST,CostingRecoveries,1,99,Recoveries,Na,No,Na,All,0,,CO002000000000000000000000000000000000,CO,2,0,0,0,0,0,0,0,0,0,0,0,,SCOACOST-CO0-CO3,COST,0,57,0,1,6.1
{10E91C41-F828-4DC2-BA61-E87F95FB5803},1b7462e9-6450-44f9-ace4-d765a2f73698,cd3b0df1-2a96-416c-a711-10576b74cd94,"Sources of funding for general use to execute the functions and powers allocated to the Municipality.  This category includes Major Tariff Services, Fines, Penalties and Forfeits, Taxes, Returns on Investments (interest and dividends) and Equitable Share.  Less material services rendered, administrative, registration fees, sale of assets also falls within this category.",FUND,FundOperationalRevenue,2,8,Revenue,Na,No,Na,All,0,,FD001001000000000000000000000000000000,FD,1,1,0,0,0,0,0,0,0,0,0,0,,SCOAFUND-FD0-FD197-FD7,FUND,0,58,0,1,6.1
{7B7B1270-9146-46BF-B22C-EAF08E5435A2},e34114c2-5447-4f6c-a6dd-df3c742b6ac1,f76330f6-8ca7-4118-b6f7-b5f7a6c52f8d,"Core Function as determined ito the Constitution section 156(1) and 229 with Schedule 4B and 5B read with Sections 83 and 84 of the Local Government Municipal Structures Act, directing on the functions and powers of district and local municipalities.  [Funded Mandates - MFMA Circular 74].",FUNCTION,FunctionCommunity and Social ServicesCore Function,2,8,Core Function,Na,No,Na,Na,0,,FX001001000000000000000000000000000000,FX,1,1,0,0,0,0,0,0,0,0,0,0,,SCOAFUNCTION-FX0-FX185-FX40,FUNCTION,0,59,0,1,6.1
{30791B4D-996B-4E0E-9CDE-EC87AA36A7B4},58bf1414-011a-49b9-afa6-14e3cffcf3d4,ce4791e0-ad4d-4e2a-b858-95415d4dc7a5,Classification as per the CIDMS Classification,ITEM AL,AssetsNon-current AssetsHeritage AssetsRevaluationWorks of Art,4,4087,Works of Art,Na,No,Na,All,0,,IA002004002003000000000000000000000000,IA,2,4,2,3,0,0,0,0,0,0,0,0,,SCOAITEM-IA0-IA5996-IA23-IA88-IA293,ITEM,0,60,0,1,6.1
{50AB1EAE-9E34-44D0-9C30-F35D5F7CF951},bb183961-c3fe-4d35-8b0f-732a88cfd3da,57c310d5-0ef4-46b4-ba90-92c4ada69c96,Services provided benefit the whole of the district either detail information is not available to allocate to the lower levels.,REGIONAL,RegionalRegional IdentifierLocal Government by ProvinceWestern CapeDistrict MunicipalitiesDC03 OverbergWhole of the District,6,5761,Whole of the District,Na,Yes,Na,All,1,,DUMMY_BREAKDOWN_7,RX,2,3,9,2,3,2,0,0,0,0,0,0,,SCOAREGION-RX0-RX4087-RX5-RX17-RX37-RX87-RX114,REGION,0,141,0,1,6.1
{2D94543B-E343-4B36-BD02-F4F04817EEF8},083ed333-f77f-43a9-95fb-b30134082561,decd3df3-a7b5-4c7e-9173-cf10c3fc6b92,"Funds generated from the collection of (new taxes) instituted in terms of the Municipal Fiscal Powers and Functions Act, No 12 of 2007.  Also included in this group of accounts is property rates levied in terms of the Local Government Municipal Property Rates Act, No 6 of 2004.  ",FUND,FundOperationalRevenueGeneral RevenueTaxes,4,28,Taxes,Na,No,Na,All,0,,FD001001001009000000000000000000000000,FD,1,1,1,9,0,0,0,0,0,0,0,0,,SCOAFUND-FD0-FD197-FD7-FD11-FD56,FUND,0,61,0,1,6.1
{2C47CBD9-906B-430E-9662-F554401D1801},0af6a506-a44b-4f83-a65b-03d7fd508c89,ba848e95-01c1-4448-bb00-ab4fe8c2371d,"This group of accounts distinguish between Outsourced Services, Contractors and Professional and Special Services.  ",ITEM EXPENSE,ExpenditureContracted Services,1,18,Contracted Services,Na,No,Na,All,0,,IE003000000000000000000000000000000000,IE,3,0,0,0,0,0,0,0,0,0,0,0,,SCOAITEM-IE0-IE16,ITEM,0,62,0,1,6.1
{C8BDEFE3-C851-4BC9-89FA-F8A55860394E},967d2498-23cd-4f84-a908-512c9893bb62,1a1dd570-0f5a-45da-b841-dbd73683e88d,Accounts receivables from property rates levied on Farm Properties.,ITEM AL,AssetsCurrent AssetsReceivables from Non-exchange TransactionsProperty RatesFarm Properties,4,1711,Farm Properties,Na,No,Na,All,0,,IA001004002003000000000000000000000000,IA,1,4,2,3,0,0,0,0,0,0,0,0,,SCOAITEM-IA0-IA2-IA3-IA46-IA180,ITEM,0,144,0,1,6.1
{BA146FDC-7390-4E4A-8370-FA0718AB6782},c70f32cb-c189-45d6-a7c2-dbacf531d0ed,c3be5e12-e6d0-4ca5-907d-594a2131e37c,Opening balance brought forward from previous periods for the accumulated impairment on heritage assets (archives).,ITEM AL,AssetsNon-current AssetsHeritage AssetsRevaluationWorks of ArtAntiques and Collections Accumulated ImpairmentOpening Balance,6,4097,Opening Balance,Na,Yes,Automated,All,0,,IA001004002553000000000000000000000000,IA,2,4,2,3,2,1,0,0,0,0,0,0,,SCOAITEM-IA0-IA5996-IA23-IA88-IA293-IA1658-IA4523,ITEM,0,63,0,1,6.1
{80B6E970-6F5A-49DB-A9C7-FDF30E5A08DD},17c6163b-a5d7-4c46-b3fd-a1af448597ed,276debb4-61f5-4b40-8ec1-ff0f05ce346d,Current liabilities comprise of all money owed by an entity which is due within one year after the reporting date. ,ITEM AL,LiabilitiesCurrent Liabilities,1,8,Current Liabilities,Na,No,Na,All,0,,IL001000000000000000000000000000000000,IL,1,0,0,0,0,0,0,0,0,0,0,0,,SCOAITEM-IL0-IL2,ITEM,0,146,0,1,6.1
{0D6A7CC2-AB53-4659-A9D3-FE5AF38A97C0},44a5a021-036b-4fe6-95ea-5cffbbdd7055,427b0965-17fb-4d15-9e0f-3cb2f48784ce,The regional indicator relevant to beneficiaries at a local government level are set-up by province.,REGIONAL,RegionalRegional IdentifierLocal Government by Province,2,21,Local Government by Province,Na,No,Na,All,0,,RX002003000000000000000000000000000000,RX,2,3,0,0,0,0,0,0,0,0,0,0,,SCOAREGION-RX0-RX4087-RX5,REGION,0,147,0,1,6.1
{4fb2b806-f257-4de1-988f-5b26c7125f76},930ba1f6-b968-4c26-88e7-d4e75f24c1fd,4165f87f-99f0-40b6-88f2-9745256a1dfd,Test breakdown project,PROJECT,,4,,Test breakdown project 0001,Na,No,Na,All,1,,DMY_PR_5,,,,,,,,,,,,,,,SCOAPROJECT-PO0-PO3-PO19-TEST1_2,PROJECT,0,148,1,1,6.1
{f75bc432-df83-4373-87a1-f258e8bb0b8e},a4b8ea10-c830-4dda-a237-884bb5884043,4165f87f-99f0-40b6-88f2-9745256a1dfd,Test breakdown project,PROJECT,,7,,Test breakdown project 0001,Na,No,Na,All,1,,DMY_PR_7,,,,,,,,,,,,,,,SCOAPROJECT-PO0-PO3-PO19-TEST1_3,PROJECT,0,200,1,1,6.1
{5dee6cd7-6e2b-4461-a68a-3e6d82d3bd77},d0eed9df-1c32-47d7-872d-3bcd314d845f,4165f87f-99f0-40b6-88f2-9745256a1dfd,Test breakdown project,PROJECT,,7,,Test breakdown project 0001,Na,No,Na,All,1,,DMY_PR_8,,,,,,,,,,,,,,,SCOAPROJECT-PO0-PO3-PO19-TEST1_2,PROJECT,0,214,1,1,6.1
{6250f0d0-f586-42ce-bbfb-92366b7d79e5},e91485c0-f23b-4b4f-9cde-bd72aae1d302,4165f87f-99f0-40b6-88f2-9745256a1dfd,Test breakdown project,PROJECT,,7,,Test breakdown project 0001,Na,No,Na,All,1,,DMY_PR_1,,,,,,,,,,,,,,,SCOAPROJECT-PO0-PO3-PO19-TEST1_3,PROJECT,0,215,1,1,6.1
{9654d089-891d-449e-b7ae-623917d5cb38},c4acd648-fbf1-46f0-8e6f-b053917cb4f3,4165f87f-99f0-40b6-88f2-9745256a1dfd,Test breakdown project,PROJECT,,7,,Test breakdown project 0001,Na,No,Na,All,1,,DMY_PR_2,,,,,,,,,,,,,,,SCOAPROJECT-PO0-PO3-PO19-TEST1_2,PROJECT,0,216,1,1,6.1
{b5f56542-b964-4b53-b767-eb39d02eb0b6},daddf4ff-8bef-4cb0-b923-9df9e468aecb,4165f87f-99f0-40b6-88f2-9745256a1dfd,Test breakdown project,PROJECT,,7,,Test breakdown project 0001,Na,No,Na,All,1,,DMY_PR_3,,,,,,,,,,,,,,,SCOAPROJECT-PO0-PO3-PO19-TEST1_3,PROJECT,0,217,1,1,6.1
{0d3aac4b-0c2c-4d88-8d72-d90f7ddf46c9},a8e72ae1-adb5-45a1-bc5e-03e00f27a75b,4165f87f-99f0-40b6-88f2-9745256a1dfd,Test breakdown project,PROJECT,,7,,Test breakdown project 0001,Na,No,Na,All,1,,DMY_PR_4,,,,,,,,,,,,,,,SCOAPROJECT-PO0-PO3-PO19-TEST1_3,PROJECT,0,218,1,1,6.1
{beaf166f-31b6-4211-80ca-58a2b6f1b187},df270a7e-1052-4223-abb8-249df6bc2797,4165f87f-99f0-40b6-88f2-9745256a1dfd,Test breakdown project,PROJECT,,7,,Test breakdown project 0001,Na,No,Na,All,1,,Project1,,,,,,,,,,,,,,,SCOAPROJECT-PO0-PO3-PO19-TEST1_3,PROJECT,0,219,1,1,6.1
{a559696c-3f90-4108-b1bc-bf34e1491182},1a066d07-6f11-4f6c-b49a-9fc1f276a8b3,4165f87f-99f0-40b6-88f2-9745256a1dfd,Test breakdown project,PROJECT,,7,,Test breakdown project 0001,Na,No,Na,All,1,,Project3,,,,,,,,,,,,,,,SCOAPROJECT-PO0-PO3-PO19-TEST1_3,PROJECT,0,220,1,1,6.1
{f0075193-eb6a-4e8c-a240-5e979fb7634c},703aac5b-7a85-4851-9685-69bb5069c08f,4165f87f-99f0-40b6-88f2-9745256a1dfd,Test breakdown project,PROJECT,,7,,Test breakdown project 0001,Na,No,Na,All,1,,Project5,,,,,,,,,,,,,,,SCOAPROJECT-PO0-PO3-PO19-TEST1_3,PROJECT,0,221,1,1,6.1
{33ee7861-2199-4f1e-9cab-80bc59dc728b},432f2af7-1645-406e-a0e8-87d80e5e6025,4165f87f-99f0-40b6-88f2-9745256a1dfd,Test breakdown project,PROJECT,,7,,Test breakdown project 0001,Na,No,Na,All,1,,Project7,,,,,,,,,,,,,,,SCOAPROJECT-PO0-PO3-PO19-TEST1_3,PROJECT,0,222,1,1,6.1
{79dc3030-88d5-4cb7-8a3a-5e9836e9ac53},d6e20585-c882-4e5c-9f49-396938014776,4165f87f-99f0-40b6-88f2-9745256a1dfd,Test breakdown project,PROJECT,,7,,Test breakdown project 0001,Na,No,Na,All,1,,Project9,,,,,,,,,,,,,,,SCOAPROJECT-PO0-PO3-PO19-TEST1_3,PROJECT,0,223,1,1,6.1
{e789ab11-ea84-4057-80a5-245b0b3609b6},7a71bffe-d21d-462e-8dc6-6cb02daf075a,4165f87f-99f0-40b6-88f2-9745256a1dfd,Test breakdown project,PROJECT,,7,,Test breakdown project 0001,Na,No,Na,All,1,,Project11,,,,,,,,,,,,,,,SCOAPROJECT-PO0-PO3-PO19-TEST1_3,PROJECT,0,224,1,1,6.1
{8c55bd71-cc1b-436c-83cd-707285dd2495},6f5fa67f-f7c2-484e-ae5c-1bd6a82a6227,4165f87f-99f0-40b6-88f2-9745256a1dfd,Test breakdown project,PROJECT,,7,,Test breakdown project 0001,Na,No,Na,All,1,,Project13,,,,,,,,,,,,,,,SCOAPROJECT-PO0-PO3-PO19-TEST1_3,PROJECT,0,225,1,1,6.1
{fa8e98e7-ae6a-4c80-b441-ce24310ec513},8d2be27e-f2ed-4023-a175-bd45978d4230,4165f87f-99f0-40b6-88f2-9745256a1dfd,Test breakdown project,PROJECT,,7,,Test breakdown project 0001,Na,No,Na,All,1,,Project15,,,,,,,,,,,,,,,SCOAPROJECT-PO0-PO3-PO19-TEST1_3,PROJECT,0,226,1,1,6.1
{7c632e9e-a451-4072-a81a-50d811b4c017},608f3cea-54f5-4b72-b634-c076e6d0b2b1,4165f87f-99f0-40b6-88f2-9745256a1dfd,Test breakdown item,ITEM EXPENSE,,7,,Test breakdown project 0001,Na,No,Na,All,1,,DUMMY_3,,,,,,,,,,,,,,,SCOAITEM-IL0-IL2,ITEM,0,201,1,1,6.1
{175de41c-e1ac-4f12-bc63-c28331b10825},861872ff-5a85-427f-97c3-25ea837439dc,4165f87f-99f0-40b6-88f2-9745256a1dfd,Test breakdown item,ITEM EXPENSE,,7,,Test breakdown project 0001,Na,No,Na,All,1,,DUMMY_2,,,,,,,,,,,,,,,SCOAITEM-IL0-IL2,ITEM,0,202,1,1,6.1
{ed3e29f9-0d04-4889-8d4b-5ed68abd4e59},0a0d09cc-ded2-45fc-b859-07448e8167ec,4165f87f-99f0-40b6-88f2-9745256a1dfd,Test breakdown item,ITEM EXPENSE,,7,,Test breakdown project 0001,Na,No,Na,All,1,,DUMMY_4,,,,,,,,,,,,,,,SCOAITEM-IL0-IL2,ITEM,0,203,1,1,6.1
{0b7daaec-76f6-4bf1-8fb6-7dfb40cd8768},85d469d7-b651-4f62-9dcf-869dc7a653bb,4165f87f-99f0-40b6-88f2-9745256a1dfd,Test breakdown item,ITEM EXPENSE,,7,,Test breakdown project 0001,Na,No,Na,All,1,,DUMMY_5,,,,,,,,,,,,,,,SCOAITEM-IL0-IL2,ITEM,0,204,1,1,6.1
{8225563a-e8fa-4c1e-8277-1da61e6d3aa0},18be94f7-7ff0-40f5-a1cf-cd0ee3a563ac,4165f87f-99f0-40b6-88f2-9745256a1dfd,Test breakdown item,ITEM EXPENSE,,7,,Test breakdown project 0001,Na,No,Na,All,1,,DUMMY_7,,,,,,,,,,,,,,,SCOAITEM-IL0-IL2,ITEM,0,214,1,1,6.1
{44207dcd-f4ab-4d51-b3e6-9f3a55d7f7e0},8ac4ede3-d4e4-4bfb-b6b3-db8d26c7a489,4165f87f-99f0-40b6-88f2-9745256a1dfd,Test breakdown item,ITEM EXPENSE,,7,,Test breakdown project 0001,Na,No,Na,All,1,,DUMMY_8,,,,,,,,,,,,,,,SCOAITEM-IL0-IL2,ITEM,0,215,1,1,6.1
{e63b484b-62a0-4b38-aad0-ba66ef8c3066},55461e9b-28ba-4d25-90d8-3413b58a9109,4165f87f-99f0-40b6-88f2-9745256a1dfd,Test breakdown item,ITEM EXPENSE,,7,,Test breakdown project 0001,Na,No,Na,All,1,,Brkdwn1,,,,,,,,,,,,,,,SCOAITEM-IL0-IL2,ITEM,0,205,1,1,6.1
{44886da2-a327-4fb7-a45d-aa93fd88ff12},f18730bc-bddb-4718-b0f0-5abaf554747a,4165f87f-99f0-40b6-88f2-9745256a1dfd,Test breakdown item,ITEM EXPENSE,,7,,Test breakdown project 0001,Na,No,Na,All,1,,Brkdwn3,,,,,,,,,,,,,,,SCOAITEM-IL0-IL2,ITEM,0,206,1,1,6.1
{af925364-edad-41de-bc45-0dc7b5e1aa2f},e0b4c6bf-d77f-447c-aa76-4fa8f8cfe7a3,4165f87f-99f0-40b6-88f2-9745256a1dfd,Test breakdown item,ITEM EXPENSE,,7,,Test breakdown project 0001,Na,No,Na,All,1,,Brkdwn5,,,,,,,,,,,,,,,SCOAITEM-IL0-IL2,ITEM,0,207,1,1,6.1
{9a8f434c-e61d-4f41-bec9-a2d2117d30a5},b1c9775c-4a27-48a5-8eb8-40e2387a3456,4165f87f-99f0-40b6-88f2-9745256a1dfd,Test breakdown item,ITEM EXPENSE,,7,,Test breakdown project 0001,Na,No,Na,All,1,,Brkdwn7,,,,,,,,,,,,,,,SCOAITEM-IL0-IL2,ITEM,0,208,1,1,6.1
{c48ebafa-98f9-4c12-b91f-9c9f4fdd8c99},f05653ab-1a48-4cf9-89f7-a5bfb218793e,4165f87f-99f0-40b6-88f2-9745256a1dfd,Test breakdown item,ITEM EXPENSE,,7,,Test breakdown project 0001,Na,No,Na,All,1,,Brkdwn9,,,,,,,,,,,,,,,SCOAITEM-IL0-IL2,ITEM,0,209,1,1,6.1
{b1eda1df-ddda-4669-a3fe-a90d3d2d7a73},ed97899a-79b0-4734-9285-b378924d1850,4165f87f-99f0-40b6-88f2-9745256a1dfd,Test breakdown item,ITEM EXPENSE,,7,,Test breakdown project 0001,Na,No,Na,All,1,,Brkdwn11,,,,,,,,,,,,,,,SCOAITEM-IL0-IL2,ITEM,0,210,1,1,6.1
{b4b2fd59-503b-41f4-a1cd-4c484efde056},773abb56-1995-440c-b206-7f8c69cea7fc,4165f87f-99f0-40b6-88f2-9745256a1dfd,Test breakdown item,ITEM EXPENSE,,7,,Test breakdown project 0001,Na,No,Na,All,1,,Brkdwn13,,,,,,,,,,,,,,,SCOAITEM-IL0-IL2,ITEM,0,211,1,1,6.1
{31b764a5-14f0-4cfa-86c0-b1f7c6c79249},e2864f23-360d-4f7a-a184-2dbe3cf781fa,4165f87f-99f0-40b6-88f2-9745256a1dfd,Test breakdown item,ITEM EXPENSE,,7,,Test breakdown project 0001,Na,No,Na,All,1,,Brkdwn15,,,,,,,,,,,,,,,SCOAITEM-IL0-IL2,ITEM,0,212,1,1,6.1
{f187bc31-926e-4d54-9e3e-d051447c9f81},ae312fba-a455-41bb-9ddc-9638cb814ebc,4165f87f-99f0-40b6-88f2-9745256a1dfd,Test breakdown item,ITEM EXPENSE,,7,,Test breakdown project 0001,Na,No,Na,All,1,,DUMMY_1,,,,,,,,,,,,,,,SCOAITEM-IL0-IL2,ITEM,0,213,1,1,6.1
{BED7995F-8342-45F0-9748-AAF54033D2E3},09a6711d-e3f4-4ed6-ba66-eacb230375db,a694b77f-6271-49b9-8e81-08b4a27ee3e0,This group of accounts provide for operational payments  in monetary value to households.,ITEM EXPENSE,Expenditure:Transfers and Subsidies:Operational:Monetary Allocations:Households:Social Security Payments:Social Assistance:Social Relief,7,7733,Social Relief,,Yes,N/a,All,1,,IE011002002004002002012000000000000000,IE,11,2,2,4,2,2,12,0,0,0,0,0,,SCOAITEM-IA0-IA5996-IA23,ITEM,0,149,0,1,6.1
{835A8E59-EBC5-431B-BCFA-88B062D8DCA6},22704043-9113-4ce7-b55a-0970909c5f7f,64233fb8-07fe-45b2-bdb8-90338ae441dd,"This group of accounts provide for operational payments both ""in-kind and monetary"" value.",ITEM EXPENSE,Expenditure:Transfers and Subsidies:Operational,2,5148,Operational,N/a,No,N/a,All,0,,IE011002000000000000000000000000000000,IE,11,2,0,0,0,0,0,0,0,0,0,0,,SCOAITEM-IA0-IA5996-IA23,ITEM,0,150,0,1,6.1
{E9263D64-D3D1-4A96-9864-7BA07C446DAA},2881ea96-3e52-4571-b5e6-c7475bb28cad,22704043-9113-4ce7-b55a-0970909c5f7f,This group of accounts provide for operational payments  in monetary value.,ITEM EXPENSE,Expenditure:Transfers and Subsidies:Operational:Monetary Allocations,3,6577,Monetary Allocations,N/a,No,N/a,All,0,,IE011002002000000000000000000000000000,IE,11,2,2,0,0,0,0,0,0,0,0,0,,SCOAITEM-IA0-IA5996-IA23,ITEM,0,151,0,1,6.1
{75C09ED0-DC87-438C-BF02-850C470623FE},333d1f43-e7af-48ff-85dc-efa8e14a1198,935f1276-e148-45a3-8f5d-4e4e2cad8cbe,Operational transfers in monetary value made to Provincial Governments classified according to functions.  Detail of payments to be defined add added by National Treasury.,ITEM EXPENSE,Expenditure:Transfers and Subsidies:Operational:Monetary Allocations:Provincial Government:Gauteng:Libraries & Archives and Museums:Recapitalisation of Community Libraries Grant,7,7969,Recapitalisation of Community Libraries Grant,,Yes,N/a,All,1,,IE011002002007003006001000000000000000,IE,11,2,2,7,3,6,1,0,0,0,0,0,,SCOAITEM-IA0-IA5996-IA23,ITEM,0,152,0,1,6.1
{05EBF39D-062B-4D17-A88E-248F166884C8},361838e8-3566-45d7-9a29-a457a9791790,ec776f89-b73a-425e-82c5-73aaa6bc72c0,This group of accounts provide for operational payments  in monetary value to households.,ITEM EXPENSE,Expenditure:Transfers and Subsidies:Operational:Monetary Allocations:Households:Social Security Payments,5,7719,Social Security Payments,Zin,No,N/a,All,0,,IE011002002004002000000000000000000000,IE,11,2,2,4,2,0,0,0,0,0,0,0,,SCOAITEM-IA0-IA5996-IA23,ITEM,0,153,0,1,6.1
{9661F09C-A41D-4EB6-AC71-AC32474C3BBF},3d56d919-099d-42df-9949-e3132598b6f1,43891b07-f526-4dd4-b417-e6d9d3720459,Operational transfers in monetary value made to Provincial Governments classified according to functions.  Detail of payments to be defined add added by National Treasury.,ITEM EXPENSE,Expenditure:Transfers and Subsidies:Operational:Monetary Allocations:Provincial Government:Gauteng,5,7961,Gauteng,N/a,No,N/a,All,0,,IE011002002007003000000000000000000000,IE,11,2,2,7,3,0,0,0,0,0,0,0,,SCOAITEM-IA0-IA5996-IA23,ITEM,0,154,0,1,6.1
{C48B383D-D3B0-4D97-973B-B5DDDD909C72},43891b07-f526-4dd4-b417-e6d9d3720459,2881ea96-3e52-4571-b5e6-c7475bb28cad,Operational transfers in monetary value made to Provincial Governments classified according to functions.  Detail of payments to be defined add added by National Treasury.,ITEM EXPENSE,Expenditure:Transfers and Subsidies:Operational:Monetary Allocations:Provincial Government,4,7920,Provincial Government,N/a,No,N/a,All,0,,IE011002002007000000000000000000000000,IE,11,2,2,7,0,0,0,0,0,0,0,0,,SCOAITEM-IA0-IA5996-IA23,ITEM,0,155,0,1,6.1
{9252CE1A-A61C-4258-9B59-D97F021319C7},64233fb8-07fe-45b2-bdb8-90338ae441dd,ba848e95-01c1-4448-bb00-ab4fe8c2371d,"This category provides for of all unrequited payments made by the municipality.  A payment is unrequited provided that the municipality does not receive anything of similar value directly in return for the transfer to another party.  Both current and capital transfers are included in this item.   Municipalities distinguish between transfers to provinces & district municipalities & departmental agencies and accounts & universities & Technicons & public corporations & private enterprises & foreign government and international institutions & non-profit organisations and households.  This group of accounts provide for ""operational and capital transfers and subsidies"" made ""in-kind or in monetary value"".",ITEM EXPENSE,Expenditure:Transfers and Subsidies,1,2324,Transfers and Subsidies,Various,No,N/a,All,0,,IE011000000000000000000000000000000000,IE,11,0,0,0,0,0,0,0,0,0,0,0,,,ITEM,0,156,0,1,6.1
{57ABC8A6-4B89-4666-B1AC-709BB30E8DEE},935f1276-e148-45a3-8f5d-4e4e2cad8cbe,3d56d919-099d-42df-9949-e3132598b6f1,Operational transfers in monetary value made to Provincial Governments classified according to functions.  Detail of payments to be defined add added by National Treasury.,ITEM EXPENSE,Expenditure:Transfers and Subsidies:Operational:Monetary Allocations:Provincial Government:Gauteng:Libraries & Archives and Museums,6,7968,Libraries & Archives and Museums,Zin,No,Provide detail to SCOA Technical Committee,All,0,,IE011002002007003006000000000000000000,IE,11,2,2,7,3,6,0,0,0,0,0,0,,SCOAITEM-IA0-IA5996-IA23,ITEM,0,157,0,1,6.1
{90730897-6668-4906-B3AF-B5CB0B556B72},a694b77f-6271-49b9-8e81-08b4a27ee3e0,361838e8-3566-45d7-9a29-a457a9791790,This group of accounts provide for operational payments  in monetary value to households.,ITEM EXPENSE,Expenditure:Transfers and Subsidies:Operational:Monetary Allocations:Households:Social Security Payments:Social Assistance,6,7721,Social Assistance,Zin,No,N/a,All,0,,IE011002002004002002000000000000000000,IE,11,2,2,4,2,2,0,0,0,0,0,0,,SCOAITEM-IA0-IA5996-IA23,ITEM,0,158,0,1,6.1
{68E3B966-C89A-4DAA-B172-399318525729},ec776f89-b73a-425e-82c5-73aaa6bc72c0,2881ea96-3e52-4571-b5e6-c7475bb28cad,This group of accounts provide for operational payments  in monetary value to households.,ITEM EXPENSE,Expenditure:Transfers and Subsidies:Operational:Monetary Allocations:Households,4,7713,Households,N/a,No,N/a,All,0,,IE011002002004000000000000000000000000,IE,11,2,2,4,0,0,0,0,0,0,0,0,,SCOAITEM-IA0-IA5996-IA23,ITEM,0,160,0,1,6.1
{b3e4b6e0-a006-4e78-a01d-ffa9aadbfb0a},8e90b730-c40f-4d6b-a3fc-542c09f7aee5,793624ea-78f0-45c1-a45f-f5ff8fc7d273,Scoa project TEST,PROJECT,OperationalTypical Work Streams,1,3872,Typical Work Streams,Na,No,Na,All,0,,PO003000000000000000000000000000000000,PO,3,0,0,0,0,0,0,0,0,0,0,0,,SCOAPROJECT-PO0-PO3,PROJECT,0,11,0,1,6.1
{5061349e-4321-4b33-8059-443fbcb78979},65c316fe-e26b-468c-a67e-97a43aad2d7d,64233fb8-07fe-45b2-bdb8-90338ae441dd,This group of accounts provide for operational payments both in-kind and monetary value.,ITEM EXPENSE,Expenditure:Transfers and Subsidies:Operational,2,5148,Operational,N/a,No,N/a,All,0,,IE011002000000000000000000000000000000,IE,11,2,0,0,0,0,0,0,0,0,0,0,,SCOAITEM-IA0-IA5996-IA23,ITEM,0,150,0,1,6.1
{FBADE898-4ACE-40E8-8BF2-37061E4556D2},963f82df-d423-4174-9b9d-3bf1784d8159,b837b123-85eb-479f-abda-0fe2be46a6ae,"This account is used to record additions of property, plant and equipment during the period.  Where an asset is obtained at no cost or nominal cost, its cost should be measured at fair value on the date of acquisition.   Included in this allocation is the recognition of borrowing cost ito the Standards of GRAP 5 Borrowing Cost on qualifying assets.",ITEM AL,"Assets:Non-current Assets:Property, Plant and Equipment:Revaluation:Storm water Infrastructure:Cost:Acquisitions",6,10939,Acquisitions,CapIn,No,N/a,All,0,,IA002015002016001002000000000000000000,IA,2,15,2,16,1,2,0,0,0,0,0,0,,SCOAITEM-IA0-IA5996-IA13-IA75-IA221-IA700-IA3906,ITEM,0,0,0,1,6.1
{E21DB741-B102-4415-B505-A7476CD1293C},2032e879-efa1-470a-8d86-cce9f493c275,bdc7fcba-90b2-4ce9-b3b6-31a5298f67b6,"Costs incurred for making use of contractors for  maintaining and repairing of equipment. Transactions allocated to this item is applicable only if the maintenance and repair does not extend the useful life of the asset and result in future cash inflows.  Examples would be replacing filters or gas in an air conditioner, servicing of machinery and equipment and ordinary service of a motor vehicle.  Detail of Plant and Equipment to be selected from the Project Segment.",ITEM EXPENSE,Expenditure:Contracted Services:Contractors:Maintenance of Equipment,3,151,Maintenance of Equipment,StdIn,Yes,N/a,All,0,,IE003003026000000000000000000000000000,IE,3,3,26,0,0,0,0,0,0,0,0,0,,SCOAITEM-IE0-IE3-IE138-IE290,ITEM,0,0,0,1,6.1
{E751699D-8FA6-41D1-9C9D-C40DF01F885D},5d2f077e-73af-4494-952a-fd99bf04dca2,d9913076-93d3-4ca5-adf2-382778540a75,"This account is used to record additions of property, plant and equipment during the period.  Where an asset is obtained at no cost or nominal cost, its cost should be measured at fair value on the date of acquisition.   Included in this allocation is the recognition of borrowing cost ito the Standards of GRAP 5 Borrowing Cost on qualifying assets.",ITEM AL,"Assets:Non-current Assets:Property, Plant and Equipment:Revaluation:Sanitation Infrastructure:Cost:Acquisitions",6,10536,Acquisitions,CapIn,Yes,N/a,All,0,,IA002015002005001002000000000000000000,IA,2,15,2,5,1,2,0,0,0,0,0,0,,SCOAITEM-IA0-IA5996-IA13-IA75-IA218-IA707-IA3867,ITEM,0,0,0,1,6.1
{866AC972-97AB-499D-8836-DBDF5E2942EC},cc35aa71-8446-4fb2-905d-32933d49c0f2,7218d639-9060-4920-aa0a-93f201a56ab4,"This account is used to record additions of property, plant and equipment during the period.  Where an asset is obtained at no cost or nominal cost, its cost should be measured at fair value on the date of acquisition.   Included in this allocation is the recognition of borrowing cost ito the Standards of GRAP 5 Borrowing Cost on qualifying assets.",ITEM AL,"Assets:Non-current Assets:Property, Plant and Equipment:Revaluation:Roads Infrastructure:Cost:Acquisitions",6,10914,Acquisitions,CapIn,Yes,N/a,All,0,,IA002015002015001002000000000000000000,IA,2,15,2,15,1,2,0,0,0,0,0,0,,SCOAITEM-IA0-IA5996-IA13-IA75-IA215-IA1960-IA5088,ITEM,0,0,0,1,6.1
{BE583B79-CDAA-417F-A8CD-6F5A0953A1C6},8af603f4-1efc-471f-8efb-a4081255c8ee,bdc7fcba-90b2-4ce9-b3b6-31a5298f67b6,"Costs incurred for making use of contractors for  maintaining and repairing of assets not specifically provided.  Transactions allocated to this item is applicable only if the maintenance and repair does not extend the useful life of the asset and result in future cash inflows into the organization. Included in this item are maintenance of all other assets, not included under the categories for machinery and equipment e.g. biological assets, software and intangible assets, heritage assets, transport assets, etc. Examples would be  maintenance of other assets such as roads, harbours and other infrastructure assets (all other assets not included in property maintenance or machinery and equipment).   Detail of 'other assets' to be selected from the Project Segment.",ITEM EXPENSE,Expenditure:Contracted Services:Contractors:Maintenance of Unspecified Assets,3,152,Maintenance of Unspecified Assets,StdIn,Yes,N/a,All,0,,IE003003027000000000000000000000000000,IE,3,3,27,0,0,0,0,0,0,0,0,0,,SCOAITEM-IE0-IE3-IE138-IE280,ITEM,0,0,0,1,6.1
{DAA2E8C6-379B-4A61-8626-D6BCD6BD9D9A},b084a59a-532f-4014-8aab-9d5ffe71c955,2582d78d-a004-45e2-b685-6b9a3c00ea87,"This account is used to record additions of property, plant and equipment during the period.  Where an asset is obtained at no cost or nominal cost, its cost should be measured at fair value on the date of acquisition.   Included in this allocation is the recognition of borrowing cost ito the Standards of GRAP 5 Borrowing Cost on qualifying assets.",ITEM AL,"Assets:Non-current Assets:Property, Plant and Equipment:Revaluation:Water Supply Infrastructure:Reservoirs:Cost:Acquisitions",7,10436,Acquisitions,CapIn,Yes,N/a,All,0,,IA002015002004006001002000000000000000,IA,2,15,2,4,6,1,2,0,0,0,0,0,,SCOAITEM-IA0-IA5996-IA13-IA75-IA213-IA1972-IA5068-IA9139,ITEM,0,0,0,1,6.1
{3836cadc-5e1c-4322-80f4-e71d22994971},c24a3143-ea80-4bf3-a958-b3232d27c493,4165f87f-99f0-40b6-88f2-9745256a1dfd,Test breakdown project,PROJECT,,7,,Test breakdown project 0001,Na,No,Na,All,1,,Project2,,,,,,,,,,,,,,,SCOAPROJECT-PO0-PO3-PO19-TEST1_3,PROJECT,0,227,1,1,6.1
{c19cc640-d712-4018-8019-8531541bde3a},cb41a65a-23ba-4f15-9e7c-e4d95d284cef,4165f87f-99f0-40b6-88f2-9745256a1dfd,Test breakdown project,PROJECT,,7,,Test breakdown project 0001,Na,No,Na,All,1,,Project4,,,,,,,,,,,,,,,SCOAPROJECT-PO0-PO3-PO19-TEST1_3,PROJECT,0,228,1,1,6.1
{9237afd9-62da-43e2-81db-a373fd718b66},1f971ead-524b-4eec-a0a2-66849109d4e2,4165f87f-99f0-40b6-88f2-9745256a1dfd,Test breakdown project,PROJECT,,7,,Test breakdown project 0001,Na,No,Na,All,1,,Project6,,,,,,,,,,,,,,,SCOAPROJECT-PO0-PO3-PO19-TEST1_3,PROJECT,0,229,1,1,6.1
{55bf96a3-b976-4bbe-90a6-dce2f5e1650f},311a8385-acd7-4175-9d66-2d5528b83ec3,4165f87f-99f0-40b6-88f2-9745256a1dfd,Test breakdown project,PROJECT,,7,,Test breakdown project 0001,Na,No,Na,All,1,,Project8,,,,,,,,,,,,,,,SCOAPROJECT-PO0-PO3-PO19-TEST1_3,PROJECT,0,230,1,1,6.1
{f5e5ee25-8d90-42a7-b8fd-3cccdc944947},0084953e-e712-48c9-8801-89697f2062a1,4165f87f-99f0-40b6-88f2-9745256a1dfd,Test breakdown project,PROJECT,,7,,Test breakdown project 0001,Na,No,Na,All,1,,Project10,,,,,,,,,,,,,,,SCOAPROJECT-PO0-PO3-PO19-TEST1_3,PROJECT,0,231,1,1,6.1
{c3804e7b-e942-4af8-bbdc-c7bbfae8897e},85619628-6b3c-4a51-80ed-86accf090680,4165f87f-99f0-40b6-88f2-9745256a1dfd,Test breakdown project,PROJECT,,7,,Test breakdown project 0001,Na,No,Na,All,1,,Project12,,,,,,,,,,,,,,,SCOAPROJECT-PO0-PO3-PO19-TEST1_3,PROJECT,0,232,1,1,6.1
{b4381b62-64d8-4ac9-bcb4-c0d9e819a475},d0e0784f-0db4-45c6-b990-73919ff5d6b1,4165f87f-99f0-40b6-88f2-9745256a1dfd,Test breakdown project,PROJECT,,7,,Test breakdown project 0001,Na,No,Na,All,1,,Project14,,,,,,,,,,,,,,,SCOAPROJECT-PO0-PO3-PO19-TEST1_3,PROJECT,0,233,1,1,6.1
{8d8d9750-6439-44e1-83c9-f009d82d6652},9b9f4eb2-df06-40a1-9369-5b96d9853e4b,4165f87f-99f0-40b6-88f2-9745256a1dfd,Test breakdown project,PROJECT,,7,,Test breakdown project 0001,Na,No,Na,All,1,,Project16,,,,,,,,,,,,,,,SCOAPROJECT-PO0-PO3-PO19-TEST1_3,PROJECT,0,234,1,1,6.1
{79d15872-1208-42c5-a3ff-7924d93d08ce},9c00d3e2-84d8-434c-8704-eab5b6cf7875,4165f87f-99f0-40b6-88f2-9745256a1dfd,Test breakdown item,ITEM EXPENSE,,7,,Test breakdown project 0001,Na,No,Na,All,1,,Brkdwn2,,,,,,,,,,,,,,,SCOAITEM-IL0-IL2,ITEM,0,235,1,1,6.1
{0c3a3fe6-dbdf-4ab8-89e4-82d9c16114c1},a3a07c10-1fa0-4148-b408-0ddda02bcd2b,4165f87f-99f0-40b6-88f2-9745256a1dfd,Test breakdown item,ITEM EXPENSE,,7,,Test breakdown project 0001,Na,No,Na,All,1,,Brkdwn4,,,,,,,,,,,,,,,SCOAITEM-IL0-IL2,ITEM,0,236,1,1,6.1
{4926aa19-1882-452e-babd-f5ded66d0e68},7b5cd105-cb0d-4b48-83c6-59634c560de5,4165f87f-99f0-40b6-88f2-9745256a1dfd,Test breakdown item,ITEM EXPENSE,,7,,Test breakdown project 0001,Na,No,Na,All,1,,Brkdwn6,,,,,,,,,,,,,,,SCOAITEM-IL0-IL2,ITEM,0,237,1,1,6.1
{05b782cb-bfee-4db0-b492-12a8bcbd272e},ef6415d1-9d27-45a4-bc7c-ca85a4455916,4165f87f-99f0-40b6-88f2-9745256a1dfd,Test breakdown item,ITEM EXPENSE,,7,,Test breakdown project 0001,Na,No,Na,All,1,,Brkdwn8,,,,,,,,,,,,,,,SCOAITEM-IL0-IL2,ITEM,0,238,1,1,6.1
{abfdc530-f42c-41fd-ac8e-01e52a3c165b},f206493e-0eee-4983-9bc8-fd0f883b260e,4165f87f-99f0-40b6-88f2-9745256a1dfd,Test breakdown item,ITEM EXPENSE,,7,,Test breakdown project 0001,Na,No,Na,All,1,,Brkdwn10,,,,,,,,,,,,,,,SCOAITEM-IL0-IL2,ITEM,0,239,1,1,6.1
{b49c5106-60cb-48e1-ba4f-e15400358aed},e50d8108-90b6-4308-98a8-24d7fba60a86,4165f87f-99f0-40b6-88f2-9745256a1dfd,Test breakdown item,ITEM EXPENSE,,7,,Test breakdown project 0001,Na,No,Na,All,1,,Brkdwn12,,,,,,,,,,,,,,,SCOAITEM-IL0-IL2,ITEM,0,240,1,1,6.1
{842438d8-fa9b-46ab-b238-63120de8cd0c},1db9a4f3-07c2-4e90-8401-a28565007e96,4165f87f-99f0-40b6-88f2-9745256a1dfd,Test breakdown item,ITEM EXPENSE,,7,,Test breakdown project 0001,Na,No,Na,All,1,,Brkdwn14,,,,,,,,,,,,,,,SCOAITEM-IL0-IL2,ITEM,0,241,1,1,6.1
{d201b050-bbbe-43bb-b81f-112377db3aa5},85c62b06-0a9c-4620-8405-bdf41d523031,4165f87f-99f0-40b6-88f2-9745256a1dfd,Test breakdown item,ITEM EXPENSE,,7,,Test breakdown project 0001,Na,No,Na,All,1,,Brkdwn16,,,,,,,,,,,,,,,SCOAITEM-IL0-IL2,ITEM,0,242,1,1,6.1
{438a458e-7ae3-4779-a165-ad2213a29e17},1e39912a-60fc-4023-bd24-bfbc79bdf49f,NULL,,,,7,,Test breakdown project 0001,Na,No,Na,All,1,,,,,,,,,,,,,,,,,SCOAITEM-IL0-IL2,ITEM,,,,,6.1
{ac0253f6-5788-4740-9208-7e37abe8ae28},47c7ba65-c270-4a7f-91ba-3842eb629ddf,1e39912a-60fc-4023-bd24-bfbc79bdf49f,,,,7,,Test breakdown project 0001,Na,No,Na,All,1,,,,,,,,,,,,,,,,,SCOAITEM-IL0-IL2,ITEM,,,,,6.1
{d8fb811d-3768-4450-bc53-3911fc60ed2f},d322a6d8-8a77-4f3e-b409-e49df0b85989,1e39912a-60fc-4023-bd24-bfbc79bdf49f,,,,7,,Test breakdown project 0001,Na,No,Na,All,1,,,,,,,,,,,,,,,,,SCOAITEM-IL0-IL2,ITEM,,,,,6.1
{d51d7551-8e54-4371-b943-3195212adcad},5692f970-c29c-4044-80d7-1bcdbdd34348,1e39912a-60fc-4023-bd24-bfbc79bdf49f,,,,7,,Test breakdown project 0001,Na,No,Na,All,1,,,,,,,,,,,,,,,,,SCOAITEM-IL0-IL2,ITEM,,,,,6.1
{b6db87ea-3f92-45c2-8c7d-ead5db886975},80975fac-0a42-4869-bcc1-2aa85e18220d,1e39912a-60fc-4023-bd24-bfbc79bdf49f,,,,7,,Test breakdown project 0001,Na,No,Na,All,1,,,,,,,,,,,,,,,,,SCOAITEM-IL0-IL2,ITEM,,,,,6.1
{f644f504-a572-4327-a6b1-d1d635e2ddfa},505,1e39912a-60fc-4023-bd24-bfbc79bdf49f,,,,7,,Test breakdown project 0001,Na,No,Na,All,1,,,,,,,,,,,,,,,,,SCOAITEM-IL0-IL2,ITEM,,,,,6.1
{6c65fc53-d9a4-47f2-b654-19fd0c2d4227},53d432c7-5d06-4d53-a785-f29995840060,1e39912a-60fc-4023-bd24-bfbc79bdf49f,,,,7,,Test breakdown project 0001,Na,No,Na,All,1,,,,,,,,,,,,,,,,,SCOAITEM-IL0-IL2,ITEM,,,,,6.1
{6dd71a51-b4f0-4880-9a30-9ccd0340d505},bde17911-113e-4dd3-8010-143dfb4013ad,1e39912a-60fc-4023-bd24-bfbc79bdf49f,,,,7,,Test breakdown project 0001,Na,No,Na,All,1,,,,,,,,,,,,,,,,,SCOAITEM-IL0-IL2,ITEM,,,,,6.1
